dataset,disease,tissue,cell_type,gene,both,onlyA,onlyB,neither,originally_zero,disagreement
63ff2c52-cb63-44f0-bac3-d0b33373e312,Crohn disease,lamina propria of mucosa of colon,Enterocytes BEST4,BEST4,59,0,0,0,59,0.0
63ff2c52-cb63-44f0-bac3-d0b33373e312,Crohn disease,lamina propria of mucosa of colon,Enterocytes BEST4,OTOP2,81,0,4,0,85,0.047058823529411764
63ff2c52-cb63-44f0-bac3-d0b33373e312,Crohn disease,lamina propria of mucosa of colon,Enterocytes BEST4,CA7,39,0,0,0,39,0.0
63ff2c52-cb63-44f0-bac3-d0b33373e312,Crohn disease,lamina propria of mucosa of colon,Enterocytes BEST4,GUCA2A,59,0,0,0,59,0.0
63ff2c52-cb63-44f0-bac3-d0b33373e312,Crohn disease,lamina propria of mucosa of colon,Enterocytes BEST4,GUCA2B,101,0,2,0,103,0.019417475728155338
63ff2c52-cb63-44f0-bac3-d0b33373e312,Crohn disease,lamina propria of mucosa of colon,Enterocytes BEST4,SPIB,9,0,2,0,11,0.18181818181818182
63ff2c52-cb63-44f0-bac3-d0b33373e312,Crohn disease,lamina propria of mucosa of colon,Enterocytes BEST4,CFTR,95,0,0,0,95,0.0
63ff2c52-cb63-44f0-bac3-d0b33373e312,Crohn disease,lamina propria of mucosa of colon,Goblet cells MUC2 TFF1,MUC2,0,0,0,0,0,
63ff2c52-cb63-44f0-bac3-d0b33373e312,Crohn disease,lamina propria of mucosa of colon,Goblet cells MUC2 TFF1,TFF1,37,0,2,0,39,0.05128205128205128
63ff2c52-cb63-44f0-bac3-d0b33373e312,Crohn disease,lamina propria of mucosa of colon,Goblet cells MUC2 TFF1,TFF3,3,0,0,0,3,0.0
63ff2c52-cb63-44f0-bac3-d0b33373e312,Crohn disease,lamina propria of mucosa of colon,Goblet cells MUC2 TFF1,AGR2,6,0,0,0,6,0.0
63ff2c52-cb63-44f0-bac3-d0b33373e312,Crohn disease,lamina propria of mucosa of colon,Goblet cells MUC2 TFF1,SPDEF,45,0,0,0,45,0.0
63ff2c52-cb63-44f0-bac3-d0b33373e312,Crohn disease,lamina propria of mucosa of colon,Tuft cells,POU2F3,44,0,2,0,46,0.043478260869565216
63ff2c52-cb63-44f0-bac3-d0b33373e312,Crohn disease,lamina propria of mucosa of colon,Tuft cells,DCLK1,65,0,11,0,76,0.14473684210526316
63ff2c52-cb63-44f0-bac3-d0b33373e312,Crohn disease,lamina propria of mucosa of colon,Goblet cells SPINK4,MUC2,8,0,0,0,8,0.0
63ff2c52-cb63-44f0-bac3-d0b33373e312,Crohn disease,lamina propria of mucosa of colon,Goblet cells SPINK4,SPINK4,4,0,0,0,4,0.0
63ff2c52-cb63-44f0-bac3-d0b33373e312,Crohn disease,lamina propria of mucosa of colon,Enterocytes TMIGD1 MEP1A,CA1,511,0,436,0,947,0.4604012671594509
63ff2c52-cb63-44f0-bac3-d0b33373e312,Crohn disease,lamina propria of mucosa of colon,Enterocytes TMIGD1 MEP1A,CA2,424,0,315,0,739,0.42625169147496617
63ff2c52-cb63-44f0-bac3-d0b33373e312,Crohn disease,lamina propria of mucosa of colon,Enterocytes TMIGD1 MEP1A,TMIGD1,804,0,176,0,980,0.17959183673469387
63ff2c52-cb63-44f0-bac3-d0b33373e312,Crohn disease,lamina propria of mucosa of colon,Enterocytes TMIGD1 MEP1A,MEP1A,666,0,0,0,666,0.0
63ff2c52-cb63-44f0-bac3-d0b33373e312,Crohn disease,lamina propria of mucosa of colon,Enterocytes CA1 CA2 CA4-,CA1,1645,0,259,0,1904,0.13602941176470587
63ff2c52-cb63-44f0-bac3-d0b33373e312,Crohn disease,lamina propria of mucosa of colon,Enterocytes CA1 CA2 CA4-,CA2,1172,0,102,0,1274,0.08006279434850863
63ff2c52-cb63-44f0-bac3-d0b33373e312,Crohn disease,lamina propria of mucosa of colon,Goblet cells MUC2 TFF1-,MUC2,11,0,0,0,11,0.0
63ff2c52-cb63-44f0-bac3-d0b33373e312,Crohn disease,lamina propria of mucosa of colon,Epithelial Cycling cells,LGR5,777,0,32,0,809,0.03955500618046971
63ff2c52-cb63-44f0-bac3-d0b33373e312,Crohn disease,lamina propria of mucosa of colon,Epithelial Cycling cells,OLFM4,148,0,0,0,148,0.0
63ff2c52-cb63-44f0-bac3-d0b33373e312,Crohn disease,lamina propria of mucosa of colon,Epithelial Cycling cells,MKI67,70,0,3,0,73,0.0410958904109589
63ff2c52-cb63-44f0-bac3-d0b33373e312,Crohn disease,lamina propria of mucosa of colon,Enteroendocrine cells,CHGA,7,0,1,0,8,0.125
63ff2c52-cb63-44f0-bac3-d0b33373e312,Crohn disease,lamina propria of mucosa of colon,Enteroendocrine cells,GCG,34,0,4,0,38,0.10526315789473684
63ff2c52-cb63-44f0-bac3-d0b33373e312,Crohn disease,lamina propria of mucosa of colon,Enteroendocrine cells,GIP,53,0,0,0,53,0.0
63ff2c52-cb63-44f0-bac3-d0b33373e312,Crohn disease,lamina propria of mucosa of colon,Enteroendocrine cells,CCK,35,0,17,0,52,0.3269230769230769
63ff2c52-cb63-44f0-bac3-d0b33373e312,Crohn disease,lamina propria of mucosa of colon,Stem cells OLFM4,OLFM4,124,0,0,0,124,0.0
63ff2c52-cb63-44f0-bac3-d0b33373e312,Crohn disease,lamina propria of mucosa of colon,Stem cells OLFM4,LGR5,270,0,35,0,305,0.11475409836065574
63ff2c52-cb63-44f0-bac3-d0b33373e312,Crohn disease,lamina propria of mucosa of colon,Stem cells OLFM4 LGR5,OLFM4,87,0,0,0,87,0.0
63ff2c52-cb63-44f0-bac3-d0b33373e312,Crohn disease,lamina propria of mucosa of colon,Stem cells OLFM4 LGR5,LGR5,481,0,7,0,488,0.014344262295081968
63ff2c52-cb63-44f0-bac3-d0b33373e312,Crohn disease,lamina propria of mucosa of colon,Stem cells OLFM4 LGR5,ASCL2,349,0,25,0,374,0.06684491978609626
63ff2c52-cb63-44f0-bac3-d0b33373e312,Crohn disease,lamina propria of mucosa of colon,Stem cells OLFM4 PCNA,OLFM4,82,0,0,0,82,0.0
63ff2c52-cb63-44f0-bac3-d0b33373e312,Crohn disease,lamina propria of mucosa of colon,Stem cells OLFM4 PCNA,PCNA,87,0,0,0,87,0.0
63ff2c52-cb63-44f0-bac3-d0b33373e312,Crohn disease,lamina propria of mucosa of colon,Stem cells OLFM4 PCNA,LGR5,372,0,25,0,397,0.06297229219143577
63ff2c52-cb63-44f0-bac3-d0b33373e312,Crohn disease,lamina propria of mucosa of colon,Stem cells OLFM4 PCNA,ASCL2,349,0,0,0,349,0.0
63ff2c52-cb63-44f0-bac3-d0b33373e312,Crohn disease,lamina propria of mucosa of colon,Stem cells OLFM4 PCNA,SOX9,226,0,6,0,232,0.02586206896551724
63ff2c52-cb63-44f0-bac3-d0b33373e312,Crohn disease,lamina propria of mucosa of colon,Stem cells OLFM4 PCNA,TERT,403,0,3,0,406,0.007389162561576354
63ff2c52-cb63-44f0-bac3-d0b33373e312,Crohn disease,lamina propria of mucosa of colon,Paneth cells,LYZ,9,0,0,0,9,0.0
63ff2c52-cb63-44f0-bac3-d0b33373e312,Crohn disease,lamina propria of mucosa of colon,Paneth cells,DEFA5,4,0,0,0,4,0.0
63ff2c52-cb63-44f0-bac3-d0b33373e312,Crohn disease,colonic epithelium,Enterocytes BEST4,BEST4,92,0,0,0,92,0.0
63ff2c52-cb63-44f0-bac3-d0b33373e312,Crohn disease,colonic epithelium,Enterocytes BEST4,OTOP2,111,0,1,0,112,0.008928571428571428
63ff2c52-cb63-44f0-bac3-d0b33373e312,Crohn disease,colonic epithelium,Enterocytes BEST4,CA7,105,0,0,0,105,0.0
63ff2c52-cb63-44f0-bac3-d0b33373e312,Crohn disease,colonic epithelium,Enterocytes BEST4,GUCA2A,85,0,0,0,85,0.0
63ff2c52-cb63-44f0-bac3-d0b33373e312,Crohn disease,colonic epithelium,Enterocytes BEST4,GUCA2B,174,0,0,0,174,0.0
63ff2c52-cb63-44f0-bac3-d0b33373e312,Crohn disease,colonic epithelium,Enterocytes BEST4,SPIB,176,0,7,0,183,0.03825136612021858
63ff2c52-cb63-44f0-bac3-d0b33373e312,Crohn disease,colonic epithelium,Enterocytes BEST4,CFTR,383,0,1,0,384,0.0026041666666666665
63ff2c52-cb63-44f0-bac3-d0b33373e312,Crohn disease,colonic epithelium,Goblet cells MUC2 TFF1,MUC2,13,0,1,0,14,0.07142857142857142
63ff2c52-cb63-44f0-bac3-d0b33373e312,Crohn disease,colonic epithelium,Goblet cells MUC2 TFF1,TFF1,95,0,0,0,95,0.0
63ff2c52-cb63-44f0-bac3-d0b33373e312,Crohn disease,colonic epithelium,Goblet cells MUC2 TFF1,TFF3,38,0,0,0,38,0.0
63ff2c52-cb63-44f0-bac3-d0b33373e312,Crohn disease,colonic epithelium,Goblet cells MUC2 TFF1,AGR2,179,0,0,0,179,0.0
63ff2c52-cb63-44f0-bac3-d0b33373e312,Crohn disease,colonic epithelium,Goblet cells MUC2 TFF1,SPDEF,450,0,20,0,470,0.0425531914893617
63ff2c52-cb63-44f0-bac3-d0b33373e312,Crohn disease,colonic epithelium,Tuft cells,POU2F3,123,0,45,0,168,0.26785714285714285
63ff2c52-cb63-44f0-bac3-d0b33373e312,Crohn disease,colonic epithelium,Tuft cells,DCLK1,0,11,0,231,242,0.045454545454545456
63ff2c52-cb63-44f0-bac3-d0b33373e312,Crohn disease,colonic epithelium,Goblet cells SPINK4,MUC2,44,0,30,0,74,0.40540540540540543
63ff2c52-cb63-44f0-bac3-d0b33373e312,Crohn disease,colonic epithelium,Goblet cells SPINK4,SPINK4,40,0,1,0,41,0.024390243902439025
63ff2c52-cb63-44f0-bac3-d0b33373e312,Crohn disease,colonic epithelium,Enterocytes TMIGD1 MEP1A,CA1,1343,0,8,0,1351,0.005921539600296077
63ff2c52-cb63-44f0-bac3-d0b33373e312,Crohn disease,colonic epithelium,Enterocytes TMIGD1 MEP1A,CA2,560,0,1,0,561,0.0017825311942959
63ff2c52-cb63-44f0-bac3-d0b33373e312,Crohn disease,colonic epithelium,Enterocytes TMIGD1 MEP1A,TMIGD1,2094,0,0,0,2094,0.0
63ff2c52-cb63-44f0-bac3-d0b33373e312,Crohn disease,colonic epithelium,Enterocytes TMIGD1 MEP1A,MEP1A,2496,0,0,0,2496,0.0
63ff2c52-cb63-44f0-bac3-d0b33373e312,Crohn disease,colonic epithelium,Enterocytes CA1 CA2 CA4-,CA1,2002,0,39,0,2041,0.01910828025477707
63ff2c52-cb63-44f0-bac3-d0b33373e312,Crohn disease,colonic epithelium,Enterocytes CA1 CA2 CA4-,CA2,1666,0,47,0,1713,0.027437244600116754
63ff2c52-cb63-44f0-bac3-d0b33373e312,Crohn disease,colonic epithelium,Goblet cells MUC2 TFF1-,MUC2,69,0,0,0,69,0.0
63ff2c52-cb63-44f0-bac3-d0b33373e312,Crohn disease,colonic epithelium,Epithelial Cycling cells,LGR5,834,0,377,0,1211,0.31131296449215523
63ff2c52-cb63-44f0-bac3-d0b33373e312,Crohn disease,colonic epithelium,Epithelial Cycling cells,OLFM4,448,0,0,0,448,0.0
63ff2c52-cb63-44f0-bac3-d0b33373e312,Crohn disease,colonic epithelium,Epithelial Cycling cells,MKI67,534,0,0,0,534,0.0
63ff2c52-cb63-44f0-bac3-d0b33373e312,Crohn disease,colonic epithelium,Enteroendocrine cells,CHGA,51,0,0,0,51,0.0
63ff2c52-cb63-44f0-bac3-d0b33373e312,Crohn disease,colonic epithelium,Enteroendocrine cells,GCG,65,0,3,0,68,0.04411764705882353
63ff2c52-cb63-44f0-bac3-d0b33373e312,Crohn disease,colonic epithelium,Enteroendocrine cells,GIP,0,64,0,34,98,0.6530612244897959
63ff2c52-cb63-44f0-bac3-d0b33373e312,Crohn disease,colonic epithelium,Enteroendocrine cells,CCK,94,0,4,0,98,0.04081632653061224
63ff2c52-cb63-44f0-bac3-d0b33373e312,Crohn disease,colonic epithelium,Stem cells OLFM4,OLFM4,512,0,0,0,512,0.0
63ff2c52-cb63-44f0-bac3-d0b33373e312,Crohn disease,colonic epithelium,Stem cells OLFM4,LGR5,458,0,499,0,957,0.5214211076280042
63ff2c52-cb63-44f0-bac3-d0b33373e312,Crohn disease,colonic epithelium,Stem cells OLFM4 LGR5,OLFM4,259,0,0,0,259,0.0
63ff2c52-cb63-44f0-bac3-d0b33373e312,Crohn disease,colonic epithelium,Stem cells OLFM4 LGR5,LGR5,791,0,72,0,863,0.08342989571263036
63ff2c52-cb63-44f0-bac3-d0b33373e312,Crohn disease,colonic epithelium,Stem cells OLFM4 LGR5,ASCL2,782,0,0,0,782,0.0
63ff2c52-cb63-44f0-bac3-d0b33373e312,Crohn disease,colonic epithelium,Stem cells OLFM4 PCNA,OLFM4,274,0,0,0,274,0.0
63ff2c52-cb63-44f0-bac3-d0b33373e312,Crohn disease,colonic epithelium,Stem cells OLFM4 PCNA,PCNA,433,0,0,0,433,0.0
63ff2c52-cb63-44f0-bac3-d0b33373e312,Crohn disease,colonic epithelium,Stem cells OLFM4 PCNA,LGR5,522,0,310,0,832,0.37259615384615385
63ff2c52-cb63-44f0-bac3-d0b33373e312,Crohn disease,colonic epithelium,Stem cells OLFM4 PCNA,ASCL2,783,0,0,0,783,0.0
63ff2c52-cb63-44f0-bac3-d0b33373e312,Crohn disease,colonic epithelium,Stem cells OLFM4 PCNA,SOX9,669,0,0,0,669,0.0
63ff2c52-cb63-44f0-bac3-d0b33373e312,Crohn disease,colonic epithelium,Stem cells OLFM4 PCNA,TERT,489,0,353,0,842,0.4192399049881235
63ff2c52-cb63-44f0-bac3-d0b33373e312,Crohn disease,colonic epithelium,Paneth cells,LYZ,3,0,0,0,3,0.0
63ff2c52-cb63-44f0-bac3-d0b33373e312,Crohn disease,colonic epithelium,Paneth cells,DEFA5,4,0,0,0,4,0.0
63ff2c52-cb63-44f0-bac3-d0b33373e312,normal,colon,Enterocytes BEST4,BEST4,206,0,0,0,206,0.0
63ff2c52-cb63-44f0-bac3-d0b33373e312,normal,colon,Enterocytes BEST4,OTOP2,212,0,8,0,220,0.03636363636363636
63ff2c52-cb63-44f0-bac3-d0b33373e312,normal,colon,Enterocytes BEST4,CA7,67,0,0,0,67,0.0
63ff2c52-cb63-44f0-bac3-d0b33373e312,normal,colon,Enterocytes BEST4,GUCA2A,191,0,3,0,194,0.015463917525773196
63ff2c52-cb63-44f0-bac3-d0b33373e312,normal,colon,Enterocytes BEST4,GUCA2B,294,0,22,0,316,0.06962025316455696
63ff2c52-cb63-44f0-bac3-d0b33373e312,normal,colon,Enterocytes BEST4,SPIB,101,0,0,0,101,0.0
63ff2c52-cb63-44f0-bac3-d0b33373e312,normal,colon,Enterocytes BEST4,CFTR,335,0,0,0,335,0.0
63ff2c52-cb63-44f0-bac3-d0b33373e312,normal,colon,Goblet cells MUC2 TFF1,MUC2,29,0,0,0,29,0.0
63ff2c52-cb63-44f0-bac3-d0b33373e312,normal,colon,Goblet cells MUC2 TFF1,TFF1,135,0,0,0,135,0.0
63ff2c52-cb63-44f0-bac3-d0b33373e312,normal,colon,Goblet cells MUC2 TFF1,TFF3,1,0,0,0,1,0.0
63ff2c52-cb63-44f0-bac3-d0b33373e312,normal,colon,Goblet cells MUC2 TFF1,AGR2,35,0,0,0,35,0.0
63ff2c52-cb63-44f0-bac3-d0b33373e312,normal,colon,Goblet cells MUC2 TFF1,SPDEF,192,0,0,0,192,0.0
63ff2c52-cb63-44f0-bac3-d0b33373e312,normal,colon,Tuft cells,POU2F3,9,0,22,0,31,0.7096774193548387
63ff2c52-cb63-44f0-bac3-d0b33373e312,normal,colon,Tuft cells,DCLK1,29,0,6,0,35,0.17142857142857143
63ff2c52-cb63-44f0-bac3-d0b33373e312,normal,colon,Goblet cells SPINK4,MUC2,95,0,0,0,95,0.0
63ff2c52-cb63-44f0-bac3-d0b33373e312,normal,colon,Goblet cells SPINK4,SPINK4,84,0,0,0,84,0.0
63ff2c52-cb63-44f0-bac3-d0b33373e312,normal,colon,Enterocytes TMIGD1 MEP1A,CA1,431,0,1,0,432,0.0023148148148148147
63ff2c52-cb63-44f0-bac3-d0b33373e312,normal,colon,Enterocytes TMIGD1 MEP1A,CA2,380,0,0,0,380,0.0
63ff2c52-cb63-44f0-bac3-d0b33373e312,normal,colon,Enterocytes TMIGD1 MEP1A,TMIGD1,836,0,794,0,1630,0.48711656441717793
63ff2c52-cb63-44f0-bac3-d0b33373e312,normal,colon,Enterocytes TMIGD1 MEP1A,MEP1A,1446,0,0,0,1446,0.0
63ff2c52-cb63-44f0-bac3-d0b33373e312,normal,colon,Enterocytes CA1 CA2 CA4-,CA1,3255,0,169,0,3424,0.04935747663551402
63ff2c52-cb63-44f0-bac3-d0b33373e312,normal,colon,Enterocytes CA1 CA2 CA4-,CA2,2819,0,4,0,2823,0.0014169323414806943
63ff2c52-cb63-44f0-bac3-d0b33373e312,normal,colon,Goblet cells MUC2 TFF1-,MUC2,523,0,0,0,523,0.0
63ff2c52-cb63-44f0-bac3-d0b33373e312,normal,colon,Epithelial Cycling cells,LGR5,1004,0,259,0,1263,0.20506730007917656
63ff2c52-cb63-44f0-bac3-d0b33373e312,normal,colon,Epithelial Cycling cells,OLFM4,932,0,25,0,957,0.02612330198537095
63ff2c52-cb63-44f0-bac3-d0b33373e312,normal,colon,Epithelial Cycling cells,MKI67,936,0,4,0,940,0.00425531914893617
63ff2c52-cb63-44f0-bac3-d0b33373e312,normal,colon,Enteroendocrine cells,CHGA,74,0,0,0,74,0.0
63ff2c52-cb63-44f0-bac3-d0b33373e312,normal,colon,Enteroendocrine cells,GCG,48,0,6,0,54,0.1111111111111111
63ff2c52-cb63-44f0-bac3-d0b33373e312,normal,colon,Enteroendocrine cells,GIP,0,100,0,64,164,0.6097560975609756
63ff2c52-cb63-44f0-bac3-d0b33373e312,normal,colon,Enteroendocrine cells,CCK,19,0,143,2,164,0.8719512195121951
63ff2c52-cb63-44f0-bac3-d0b33373e312,normal,colon,Stem cells OLFM4,OLFM4,1202,0,2,0,1204,0.0016611295681063123
63ff2c52-cb63-44f0-bac3-d0b33373e312,normal,colon,Stem cells OLFM4,LGR5,1107,0,456,0,1563,0.29174664107485604
63ff2c52-cb63-44f0-bac3-d0b33373e312,normal,colon,Stem cells OLFM4 LGR5,OLFM4,796,0,47,0,843,0.05575326215895611
63ff2c52-cb63-44f0-bac3-d0b33373e312,normal,colon,Stem cells OLFM4 LGR5,LGR5,801,0,433,0,1234,0.35089141004862234
63ff2c52-cb63-44f0-bac3-d0b33373e312,normal,colon,Stem cells OLFM4 LGR5,ASCL2,912,0,2,0,914,0.002188183807439825
63ff2c52-cb63-44f0-bac3-d0b33373e312,normal,colon,Stem cells OLFM4 PCNA,OLFM4,377,0,4,0,381,0.010498687664041995
63ff2c52-cb63-44f0-bac3-d0b33373e312,normal,colon,Stem cells OLFM4 PCNA,PCNA,305,0,0,0,305,0.0
63ff2c52-cb63-44f0-bac3-d0b33373e312,normal,colon,Stem cells OLFM4 PCNA,LGR5,521,0,91,0,612,0.14869281045751634
63ff2c52-cb63-44f0-bac3-d0b33373e312,normal,colon,Stem cells OLFM4 PCNA,ASCL2,522,0,6,0,528,0.011363636363636364
63ff2c52-cb63-44f0-bac3-d0b33373e312,normal,colon,Stem cells OLFM4 PCNA,SOX9,469,0,0,0,469,0.0
63ff2c52-cb63-44f0-bac3-d0b33373e312,normal,colon,Stem cells OLFM4 PCNA,TERT,206,0,416,0,622,0.6688102893890675
63ff2c52-cb63-44f0-bac3-d0b33373e312,normal,colon,Paneth cells,LYZ,6,0,3,0,9,0.3333333333333333
63ff2c52-cb63-44f0-bac3-d0b33373e312,normal,colon,Paneth cells,DEFA5,2,0,5,0,7,0.7142857142857143
63ff2c52-cb63-44f0-bac3-d0b33373e312,Crohn disease,sigmoid colon,Enterocytes BEST4,BEST4,28,0,16,0,44,0.36363636363636365
63ff2c52-cb63-44f0-bac3-d0b33373e312,Crohn disease,sigmoid colon,Enterocytes BEST4,OTOP2,28,0,27,0,55,0.4909090909090909
63ff2c52-cb63-44f0-bac3-d0b33373e312,Crohn disease,sigmoid colon,Enterocytes BEST4,CA7,35,0,8,0,43,0.18604651162790697
63ff2c52-cb63-44f0-bac3-d0b33373e312,Crohn disease,sigmoid colon,Enterocytes BEST4,GUCA2A,40,0,1,0,41,0.024390243902439025
63ff2c52-cb63-44f0-bac3-d0b33373e312,Crohn disease,sigmoid colon,Enterocytes BEST4,GUCA2B,53,0,0,0,53,0.0
63ff2c52-cb63-44f0-bac3-d0b33373e312,Crohn disease,sigmoid colon,Enterocytes BEST4,SPIB,34,0,3,0,37,0.08108108108108109
63ff2c52-cb63-44f0-bac3-d0b33373e312,Crohn disease,sigmoid colon,Enterocytes BEST4,CFTR,47,0,3,0,50,0.06
63ff2c52-cb63-44f0-bac3-d0b33373e312,Crohn disease,sigmoid colon,Goblet cells MUC2 TFF1,MUC2,3,0,0,0,3,0.0
63ff2c52-cb63-44f0-bac3-d0b33373e312,Crohn disease,sigmoid colon,Goblet cells MUC2 TFF1,TFF1,2,0,0,0,2,0.0
63ff2c52-cb63-44f0-bac3-d0b33373e312,Crohn disease,sigmoid colon,Goblet cells MUC2 TFF1,TFF3,4,0,0,0,4,0.0
63ff2c52-cb63-44f0-bac3-d0b33373e312,Crohn disease,sigmoid colon,Goblet cells MUC2 TFF1,AGR2,3,0,0,0,3,0.0
63ff2c52-cb63-44f0-bac3-d0b33373e312,Crohn disease,sigmoid colon,Goblet cells MUC2 TFF1,SPDEF,59,0,2,0,61,0.03278688524590164
63ff2c52-cb63-44f0-bac3-d0b33373e312,Crohn disease,sigmoid colon,Tuft cells,POU2F3,16,0,21,0,37,0.5675675675675675
63ff2c52-cb63-44f0-bac3-d0b33373e312,Crohn disease,sigmoid colon,Tuft cells,DCLK1,0,19,0,36,55,0.34545454545454546
63ff2c52-cb63-44f0-bac3-d0b33373e312,Crohn disease,sigmoid colon,Goblet cells SPINK4,MUC2,9,0,0,0,9,0.0
63ff2c52-cb63-44f0-bac3-d0b33373e312,Crohn disease,sigmoid colon,Goblet cells SPINK4,SPINK4,0,0,0,0,0,
63ff2c52-cb63-44f0-bac3-d0b33373e312,Crohn disease,sigmoid colon,Enterocytes TMIGD1 MEP1A,CA1,1261,0,0,0,1261,0.0
63ff2c52-cb63-44f0-bac3-d0b33373e312,Crohn disease,sigmoid colon,Enterocytes TMIGD1 MEP1A,CA2,541,0,1,0,542,0.0018450184501845018
63ff2c52-cb63-44f0-bac3-d0b33373e312,Crohn disease,sigmoid colon,Enterocytes TMIGD1 MEP1A,TMIGD1,1164,0,38,0,1202,0.03161397670549085
63ff2c52-cb63-44f0-bac3-d0b33373e312,Crohn disease,sigmoid colon,Enterocytes TMIGD1 MEP1A,MEP1A,890,0,0,0,890,0.0
63ff2c52-cb63-44f0-bac3-d0b33373e312,Crohn disease,sigmoid colon,Enterocytes CA1 CA2 CA4-,CA1,1326,0,197,0,1523,0.1293499671700591
63ff2c52-cb63-44f0-bac3-d0b33373e312,Crohn disease,sigmoid colon,Enterocytes CA1 CA2 CA4-,CA2,823,0,22,0,845,0.02603550295857988
63ff2c52-cb63-44f0-bac3-d0b33373e312,Crohn disease,sigmoid colon,Goblet cells MUC2 TFF1-,MUC2,10,0,0,0,10,0.0
63ff2c52-cb63-44f0-bac3-d0b33373e312,Crohn disease,sigmoid colon,Epithelial Cycling cells,LGR5,462,0,0,0,462,0.0
63ff2c52-cb63-44f0-bac3-d0b33373e312,Crohn disease,sigmoid colon,Epithelial Cycling cells,OLFM4,63,0,0,0,63,0.0
63ff2c52-cb63-44f0-bac3-d0b33373e312,Crohn disease,sigmoid colon,Epithelial Cycling cells,MKI67,127,0,0,0,127,0.0
63ff2c52-cb63-44f0-bac3-d0b33373e312,Crohn disease,sigmoid colon,Enteroendocrine cells,CHGA,7,0,0,0,7,0.0
63ff2c52-cb63-44f0-bac3-d0b33373e312,Crohn disease,sigmoid colon,Enteroendocrine cells,GCG,17,0,2,0,19,0.10526315789473684
63ff2c52-cb63-44f0-bac3-d0b33373e312,Crohn disease,sigmoid colon,Enteroendocrine cells,GIP,0,5,0,21,26,0.19230769230769232
63ff2c52-cb63-44f0-bac3-d0b33373e312,Crohn disease,sigmoid colon,Enteroendocrine cells,CCK,17,0,9,0,26,0.34615384615384615
63ff2c52-cb63-44f0-bac3-d0b33373e312,Crohn disease,sigmoid colon,Stem cells OLFM4,OLFM4,47,0,0,0,47,0.0
63ff2c52-cb63-44f0-bac3-d0b33373e312,Crohn disease,sigmoid colon,Stem cells OLFM4,LGR5,254,0,0,0,254,0.0
63ff2c52-cb63-44f0-bac3-d0b33373e312,Crohn disease,sigmoid colon,Stem cells OLFM4 LGR5,OLFM4,3,0,0,0,3,0.0
63ff2c52-cb63-44f0-bac3-d0b33373e312,Crohn disease,sigmoid colon,Stem cells OLFM4 LGR5,LGR5,306,0,0,0,306,0.0
63ff2c52-cb63-44f0-bac3-d0b33373e312,Crohn disease,sigmoid colon,Stem cells OLFM4 LGR5,ASCL2,190,0,2,0,192,0.010416666666666666
63ff2c52-cb63-44f0-bac3-d0b33373e312,Crohn disease,sigmoid colon,Stem cells OLFM4 PCNA,OLFM4,43,0,0,0,43,0.0
63ff2c52-cb63-44f0-bac3-d0b33373e312,Crohn disease,sigmoid colon,Stem cells OLFM4 PCNA,PCNA,69,0,0,0,69,0.0
63ff2c52-cb63-44f0-bac3-d0b33373e312,Crohn disease,sigmoid colon,Stem cells OLFM4 PCNA,LGR5,275,0,0,0,275,0.0
63ff2c52-cb63-44f0-bac3-d0b33373e312,Crohn disease,sigmoid colon,Stem cells OLFM4 PCNA,ASCL2,222,0,0,0,222,0.0
63ff2c52-cb63-44f0-bac3-d0b33373e312,Crohn disease,sigmoid colon,Stem cells OLFM4 PCNA,SOX9,178,0,0,0,178,0.0
63ff2c52-cb63-44f0-bac3-d0b33373e312,Crohn disease,sigmoid colon,Stem cells OLFM4 PCNA,TERT,250,0,44,0,294,0.14965986394557823
63ff2c52-cb63-44f0-bac3-d0b33373e312,Crohn disease,sigmoid colon,Paneth cells,LYZ,5,0,0,0,5,0.0
63ff2c52-cb63-44f0-bac3-d0b33373e312,Crohn disease,sigmoid colon,Paneth cells,DEFA5,21,0,1,0,22,0.045454545454545456
63ff2c52-cb63-44f0-bac3-d0b33373e312,Crohn disease,colon,Enterocytes BEST4,BEST4,29,0,27,0,56,0.48214285714285715
63ff2c52-cb63-44f0-bac3-d0b33373e312,Crohn disease,colon,Enterocytes BEST4,OTOP2,51,0,31,0,82,0.3780487804878049
63ff2c52-cb63-44f0-bac3-d0b33373e312,Crohn disease,colon,Enterocytes BEST4,CA7,37,0,0,0,37,0.0
63ff2c52-cb63-44f0-bac3-d0b33373e312,Crohn disease,colon,Enterocytes BEST4,GUCA2A,44,0,0,0,44,0.0
63ff2c52-cb63-44f0-bac3-d0b33373e312,Crohn disease,colon,Enterocytes BEST4,GUCA2B,81,0,8,0,89,0.0898876404494382
63ff2c52-cb63-44f0-bac3-d0b33373e312,Crohn disease,colon,Enterocytes BEST4,SPIB,30,0,1,0,31,0.03225806451612903
63ff2c52-cb63-44f0-bac3-d0b33373e312,Crohn disease,colon,Enterocytes BEST4,CFTR,101,0,8,0,109,0.07339449541284404
63ff2c52-cb63-44f0-bac3-d0b33373e312,Crohn disease,colon,Goblet cells MUC2 TFF1,MUC2,4,0,0,0,4,0.0
63ff2c52-cb63-44f0-bac3-d0b33373e312,Crohn disease,colon,Goblet cells MUC2 TFF1,TFF1,12,0,0,0,12,0.0
63ff2c52-cb63-44f0-bac3-d0b33373e312,Crohn disease,colon,Goblet cells MUC2 TFF1,TFF3,1,0,0,0,1,0.0
63ff2c52-cb63-44f0-bac3-d0b33373e312,Crohn disease,colon,Goblet cells MUC2 TFF1,AGR2,65,0,0,0,65,0.0
63ff2c52-cb63-44f0-bac3-d0b33373e312,Crohn disease,colon,Goblet cells MUC2 TFF1,SPDEF,218,0,1,0,219,0.0045662100456621
63ff2c52-cb63-44f0-bac3-d0b33373e312,Crohn disease,colon,Tuft cells,POU2F3,58,0,0,0,58,0.0
63ff2c52-cb63-44f0-bac3-d0b33373e312,Crohn disease,colon,Tuft cells,DCLK1,0,42,0,54,96,0.4375
63ff2c52-cb63-44f0-bac3-d0b33373e312,Crohn disease,colon,Goblet cells SPINK4,MUC2,596,0,0,0,596,0.0
63ff2c52-cb63-44f0-bac3-d0b33373e312,Crohn disease,colon,Goblet cells SPINK4,SPINK4,102,0,0,0,102,0.0
63ff2c52-cb63-44f0-bac3-d0b33373e312,Crohn disease,colon,Enterocytes TMIGD1 MEP1A,CA1,696,0,0,0,696,0.0
63ff2c52-cb63-44f0-bac3-d0b33373e312,Crohn disease,colon,Enterocytes TMIGD1 MEP1A,CA2,277,0,0,0,277,0.0
63ff2c52-cb63-44f0-bac3-d0b33373e312,Crohn disease,colon,Enterocytes TMIGD1 MEP1A,TMIGD1,969,0,0,0,969,0.0
63ff2c52-cb63-44f0-bac3-d0b33373e312,Crohn disease,colon,Enterocytes TMIGD1 MEP1A,MEP1A,1030,0,0,0,1030,0.0
63ff2c52-cb63-44f0-bac3-d0b33373e312,Crohn disease,colon,Enterocytes CA1 CA2 CA4-,CA1,2416,0,136,0,2552,0.05329153605015674
63ff2c52-cb63-44f0-bac3-d0b33373e312,Crohn disease,colon,Enterocytes CA1 CA2 CA4-,CA2,1278,0,101,0,1379,0.07324147933284988
63ff2c52-cb63-44f0-bac3-d0b33373e312,Crohn disease,colon,Goblet cells MUC2 TFF1-,MUC2,263,0,0,0,263,0.0
63ff2c52-cb63-44f0-bac3-d0b33373e312,Crohn disease,colon,Epithelial Cycling cells,LGR5,590,0,217,0,807,0.26889714993804215
63ff2c52-cb63-44f0-bac3-d0b33373e312,Crohn disease,colon,Epithelial Cycling cells,OLFM4,320,0,38,0,358,0.10614525139664804
63ff2c52-cb63-44f0-bac3-d0b33373e312,Crohn disease,colon,Epithelial Cycling cells,MKI67,290,0,97,0,387,0.25064599483204136
63ff2c52-cb63-44f0-bac3-d0b33373e312,Crohn disease,colon,Enteroendocrine cells,CHGA,1,0,0,0,1,0.0
63ff2c52-cb63-44f0-bac3-d0b33373e312,Crohn disease,colon,Enteroendocrine cells,GCG,15,0,0,0,15,0.0
63ff2c52-cb63-44f0-bac3-d0b33373e312,Crohn disease,colon,Enteroendocrine cells,GIP,0,6,0,16,22,0.2727272727272727
63ff2c52-cb63-44f0-bac3-d0b33373e312,Crohn disease,colon,Enteroendocrine cells,CCK,0,19,0,3,22,0.8636363636363636
63ff2c52-cb63-44f0-bac3-d0b33373e312,Crohn disease,colon,Stem cells OLFM4,OLFM4,469,0,12,0,481,0.02494802494802495
63ff2c52-cb63-44f0-bac3-d0b33373e312,Crohn disease,colon,Stem cells OLFM4,LGR5,166,0,647,0,813,0.7958179581795818
63ff2c52-cb63-44f0-bac3-d0b33373e312,Crohn disease,colon,Stem cells OLFM4 LGR5,OLFM4,183,0,0,0,183,0.0
63ff2c52-cb63-44f0-bac3-d0b33373e312,Crohn disease,colon,Stem cells OLFM4 LGR5,LGR5,718,0,61,0,779,0.07830551989730423
63ff2c52-cb63-44f0-bac3-d0b33373e312,Crohn disease,colon,Stem cells OLFM4 LGR5,ASCL2,710,0,0,0,710,0.0
63ff2c52-cb63-44f0-bac3-d0b33373e312,Crohn disease,colon,Stem cells OLFM4 PCNA,OLFM4,193,0,4,0,197,0.02030456852791878
63ff2c52-cb63-44f0-bac3-d0b33373e312,Crohn disease,colon,Stem cells OLFM4 PCNA,PCNA,199,0,0,0,199,0.0
63ff2c52-cb63-44f0-bac3-d0b33373e312,Crohn disease,colon,Stem cells OLFM4 PCNA,LGR5,494,0,109,0,603,0.18076285240464346
63ff2c52-cb63-44f0-bac3-d0b33373e312,Crohn disease,colon,Stem cells OLFM4 PCNA,ASCL2,584,0,0,0,584,0.0
63ff2c52-cb63-44f0-bac3-d0b33373e312,Crohn disease,colon,Stem cells OLFM4 PCNA,SOX9,512,0,0,0,512,0.0
63ff2c52-cb63-44f0-bac3-d0b33373e312,Crohn disease,colon,Stem cells OLFM4 PCNA,TERT,602,0,0,0,602,0.0
63ff2c52-cb63-44f0-bac3-d0b33373e312,Crohn disease,colon,Paneth cells,LYZ,11,0,0,0,11,0.0
63ff2c52-cb63-44f0-bac3-d0b33373e312,Crohn disease,colon,Paneth cells,DEFA5,0,0,0,0,0,
63ff2c52-cb63-44f0-bac3-d0b33373e312,Crohn disease,left colon,Enterocytes BEST4,BEST4,74,0,0,0,74,0.0
63ff2c52-cb63-44f0-bac3-d0b33373e312,Crohn disease,left colon,Enterocytes BEST4,OTOP2,92,0,4,0,96,0.041666666666666664
63ff2c52-cb63-44f0-bac3-d0b33373e312,Crohn disease,left colon,Enterocytes BEST4,CA7,78,0,2,0,80,0.025
63ff2c52-cb63-44f0-bac3-d0b33373e312,Crohn disease,left colon,Enterocytes BEST4,GUCA2A,29,0,0,0,29,0.0
63ff2c52-cb63-44f0-bac3-d0b33373e312,Crohn disease,left colon,Enterocytes BEST4,GUCA2B,149,0,0,0,149,0.0
63ff2c52-cb63-44f0-bac3-d0b33373e312,Crohn disease,left colon,Enterocytes BEST4,SPIB,83,0,10,0,93,0.10752688172043011
63ff2c52-cb63-44f0-bac3-d0b33373e312,Crohn disease,left colon,Enterocytes BEST4,CFTR,271,0,20,0,291,0.06872852233676977
63ff2c52-cb63-44f0-bac3-d0b33373e312,Crohn disease,left colon,Goblet cells MUC2 TFF1,MUC2,1,0,0,0,1,0.0
63ff2c52-cb63-44f0-bac3-d0b33373e312,Crohn disease,left colon,Goblet cells MUC2 TFF1,TFF1,22,0,0,0,22,0.0
63ff2c52-cb63-44f0-bac3-d0b33373e312,Crohn disease,left colon,Goblet cells MUC2 TFF1,TFF3,2,0,0,0,2,0.0
63ff2c52-cb63-44f0-bac3-d0b33373e312,Crohn disease,left colon,Goblet cells MUC2 TFF1,AGR2,48,0,0,0,48,0.0
63ff2c52-cb63-44f0-bac3-d0b33373e312,Crohn disease,left colon,Goblet cells MUC2 TFF1,SPDEF,121,0,19,0,140,0.1357142857142857
63ff2c52-cb63-44f0-bac3-d0b33373e312,Crohn disease,left colon,Tuft cells,POU2F3,126,0,15,0,141,0.10638297872340426
63ff2c52-cb63-44f0-bac3-d0b33373e312,Crohn disease,left colon,Tuft cells,DCLK1,0,12,0,158,170,0.07058823529411765
63ff2c52-cb63-44f0-bac3-d0b33373e312,Crohn disease,left colon,Goblet cells SPINK4,MUC2,26,0,0,0,26,0.0
63ff2c52-cb63-44f0-bac3-d0b33373e312,Crohn disease,left colon,Goblet cells SPINK4,SPINK4,12,0,12,0,24,0.5
63ff2c52-cb63-44f0-bac3-d0b33373e312,Crohn disease,left colon,Enterocytes TMIGD1 MEP1A,CA1,396,0,0,0,396,0.0
63ff2c52-cb63-44f0-bac3-d0b33373e312,Crohn disease,left colon,Enterocytes TMIGD1 MEP1A,CA2,270,0,0,0,270,0.0
63ff2c52-cb63-44f0-bac3-d0b33373e312,Crohn disease,left colon,Enterocytes TMIGD1 MEP1A,TMIGD1,602,0,0,0,602,0.0
63ff2c52-cb63-44f0-bac3-d0b33373e312,Crohn disease,left colon,Enterocytes TMIGD1 MEP1A,MEP1A,682,0,0,0,682,0.0
63ff2c52-cb63-44f0-bac3-d0b33373e312,Crohn disease,left colon,Enterocytes CA1 CA2 CA4-,CA1,1232,0,0,0,1232,0.0
63ff2c52-cb63-44f0-bac3-d0b33373e312,Crohn disease,left colon,Enterocytes CA1 CA2 CA4-,CA2,875,0,0,0,875,0.0
63ff2c52-cb63-44f0-bac3-d0b33373e312,Crohn disease,left colon,Goblet cells MUC2 TFF1-,MUC2,112,0,0,0,112,0.0
63ff2c52-cb63-44f0-bac3-d0b33373e312,Crohn disease,left colon,Epithelial Cycling cells,LGR5,323,0,0,0,323,0.0
63ff2c52-cb63-44f0-bac3-d0b33373e312,Crohn disease,left colon,Epithelial Cycling cells,OLFM4,184,0,0,0,184,0.0
63ff2c52-cb63-44f0-bac3-d0b33373e312,Crohn disease,left colon,Epithelial Cycling cells,MKI67,106,0,0,0,106,0.0
63ff2c52-cb63-44f0-bac3-d0b33373e312,Crohn disease,left colon,Enteroendocrine cells,CHGA,10,0,0,0,10,0.0
63ff2c52-cb63-44f0-bac3-d0b33373e312,Crohn disease,left colon,Enteroendocrine cells,GCG,10,0,23,0,33,0.696969696969697
63ff2c52-cb63-44f0-bac3-d0b33373e312,Crohn disease,left colon,Enteroendocrine cells,GIP,0,40,0,1,41,0.975609756097561
63ff2c52-cb63-44f0-bac3-d0b33373e312,Crohn disease,left colon,Enteroendocrine cells,CCK,0,13,0,28,41,0.3170731707317073
63ff2c52-cb63-44f0-bac3-d0b33373e312,Crohn disease,left colon,Stem cells OLFM4,OLFM4,303,0,54,0,357,0.15126050420168066
63ff2c52-cb63-44f0-bac3-d0b33373e312,Crohn disease,left colon,Stem cells OLFM4,LGR5,387,0,0,0,387,0.0
63ff2c52-cb63-44f0-bac3-d0b33373e312,Crohn disease,left colon,Stem cells OLFM4 LGR5,OLFM4,340,0,1,0,341,0.002932551319648094
63ff2c52-cb63-44f0-bac3-d0b33373e312,Crohn disease,left colon,Stem cells OLFM4 LGR5,LGR5,624,0,0,0,624,0.0
63ff2c52-cb63-44f0-bac3-d0b33373e312,Crohn disease,left colon,Stem cells OLFM4 LGR5,ASCL2,420,0,2,0,422,0.004739336492890996
63ff2c52-cb63-44f0-bac3-d0b33373e312,Crohn disease,left colon,Stem cells OLFM4 PCNA,OLFM4,116,0,4,0,120,0.03333333333333333
63ff2c52-cb63-44f0-bac3-d0b33373e312,Crohn disease,left colon,Stem cells OLFM4 PCNA,PCNA,51,0,0,0,51,0.0
63ff2c52-cb63-44f0-bac3-d0b33373e312,Crohn disease,left colon,Stem cells OLFM4 PCNA,LGR5,218,0,0,0,218,0.0
63ff2c52-cb63-44f0-bac3-d0b33373e312,Crohn disease,left colon,Stem cells OLFM4 PCNA,ASCL2,161,0,4,0,165,0.024242424242424242
63ff2c52-cb63-44f0-bac3-d0b33373e312,Crohn disease,left colon,Stem cells OLFM4 PCNA,SOX9,125,0,4,0,129,0.031007751937984496
63ff2c52-cb63-44f0-bac3-d0b33373e312,Crohn disease,left colon,Stem cells OLFM4 PCNA,TERT,0,0,220,2,222,0.990990990990991
63ff2c52-cb63-44f0-bac3-d0b33373e312,Crohn disease,left colon,Paneth cells,LYZ,0,0,0,0,0,
63ff2c52-cb63-44f0-bac3-d0b33373e312,Crohn disease,left colon,Paneth cells,DEFA5,0,1,0,1,2,0.5
63ff2c52-cb63-44f0-bac3-d0b33373e312,Crohn disease,caecum epithelium,Enterocytes BEST4,BEST4,10,0,0,0,10,0.0
63ff2c52-cb63-44f0-bac3-d0b33373e312,Crohn disease,caecum epithelium,Enterocytes BEST4,OTOP2,9,0,0,0,9,0.0
63ff2c52-cb63-44f0-bac3-d0b33373e312,Crohn disease,caecum epithelium,Enterocytes BEST4,CA7,8,0,3,0,11,0.2727272727272727
63ff2c52-cb63-44f0-bac3-d0b33373e312,Crohn disease,caecum epithelium,Enterocytes BEST4,GUCA2A,10,0,2,0,12,0.16666666666666666
63ff2c52-cb63-44f0-bac3-d0b33373e312,Crohn disease,caecum epithelium,Enterocytes BEST4,GUCA2B,4,0,13,0,17,0.7647058823529411
63ff2c52-cb63-44f0-bac3-d0b33373e312,Crohn disease,caecum epithelium,Enterocytes BEST4,SPIB,0,0,5,0,5,1.0
63ff2c52-cb63-44f0-bac3-d0b33373e312,Crohn disease,caecum epithelium,Enterocytes BEST4,CFTR,20,0,2,0,22,0.09090909090909091
63ff2c52-cb63-44f0-bac3-d0b33373e312,Crohn disease,caecum epithelium,Goblet cells MUC2 TFF1,MUC2,2,0,0,0,2,0.0
63ff2c52-cb63-44f0-bac3-d0b33373e312,Crohn disease,caecum epithelium,Goblet cells MUC2 TFF1,TFF1,2,0,0,0,2,0.0
63ff2c52-cb63-44f0-bac3-d0b33373e312,Crohn disease,caecum epithelium,Goblet cells MUC2 TFF1,TFF3,2,0,0,0,2,0.0
63ff2c52-cb63-44f0-bac3-d0b33373e312,Crohn disease,caecum epithelium,Goblet cells MUC2 TFF1,AGR2,27,0,0,0,27,0.0
63ff2c52-cb63-44f0-bac3-d0b33373e312,Crohn disease,caecum epithelium,Goblet cells MUC2 TFF1,SPDEF,43,0,0,0,43,0.0
63ff2c52-cb63-44f0-bac3-d0b33373e312,Crohn disease,caecum epithelium,Tuft cells,POU2F3,40,0,0,0,40,0.0
63ff2c52-cb63-44f0-bac3-d0b33373e312,Crohn disease,caecum epithelium,Tuft cells,DCLK1,0,47,0,24,71,0.6619718309859155
63ff2c52-cb63-44f0-bac3-d0b33373e312,Crohn disease,caecum epithelium,Goblet cells SPINK4,MUC2,1,0,0,0,1,0.0
63ff2c52-cb63-44f0-bac3-d0b33373e312,Crohn disease,caecum epithelium,Goblet cells SPINK4,SPINK4,0,0,0,0,0,
63ff2c52-cb63-44f0-bac3-d0b33373e312,Crohn disease,caecum epithelium,Enterocytes TMIGD1 MEP1A,CA1,129,0,15,0,144,0.10416666666666667
63ff2c52-cb63-44f0-bac3-d0b33373e312,Crohn disease,caecum epithelium,Enterocytes TMIGD1 MEP1A,CA2,13,0,0,0,13,0.0
63ff2c52-cb63-44f0-bac3-d0b33373e312,Crohn disease,caecum epithelium,Enterocytes TMIGD1 MEP1A,TMIGD1,112,0,0,0,112,0.0
63ff2c52-cb63-44f0-bac3-d0b33373e312,Crohn disease,caecum epithelium,Enterocytes TMIGD1 MEP1A,MEP1A,82,0,0,0,82,0.0
63ff2c52-cb63-44f0-bac3-d0b33373e312,Crohn disease,caecum epithelium,Enterocytes CA1 CA2 CA4-,CA1,181,0,35,0,216,0.16203703703703703
63ff2c52-cb63-44f0-bac3-d0b33373e312,Crohn disease,caecum epithelium,Enterocytes CA1 CA2 CA4-,CA2,63,0,9,0,72,0.125
63ff2c52-cb63-44f0-bac3-d0b33373e312,Crohn disease,caecum epithelium,Goblet cells MUC2 TFF1-,MUC2,4,0,0,0,4,0.0
63ff2c52-cb63-44f0-bac3-d0b33373e312,Crohn disease,caecum epithelium,Epithelial Cycling cells,LGR5,136,0,0,0,136,0.0
63ff2c52-cb63-44f0-bac3-d0b33373e312,Crohn disease,caecum epithelium,Epithelial Cycling cells,OLFM4,81,0,0,0,81,0.0
63ff2c52-cb63-44f0-bac3-d0b33373e312,Crohn disease,caecum epithelium,Epithelial Cycling cells,MKI67,73,0,0,0,73,0.0
63ff2c52-cb63-44f0-bac3-d0b33373e312,Crohn disease,caecum epithelium,Enteroendocrine cells,CHGA,0,0,0,0,0,
63ff2c52-cb63-44f0-bac3-d0b33373e312,Crohn disease,caecum epithelium,Enteroendocrine cells,GCG,2,0,0,0,2,0.0
63ff2c52-cb63-44f0-bac3-d0b33373e312,Crohn disease,caecum epithelium,Enteroendocrine cells,GIP,0,1,0,3,4,0.25
63ff2c52-cb63-44f0-bac3-d0b33373e312,Crohn disease,caecum epithelium,Enteroendocrine cells,CCK,0,1,0,3,4,0.25
63ff2c52-cb63-44f0-bac3-d0b33373e312,Crohn disease,caecum epithelium,Stem cells OLFM4,OLFM4,41,0,0,0,41,0.0
63ff2c52-cb63-44f0-bac3-d0b33373e312,Crohn disease,caecum epithelium,Stem cells OLFM4,LGR5,69,0,0,0,69,0.0
63ff2c52-cb63-44f0-bac3-d0b33373e312,Crohn disease,caecum epithelium,Stem cells OLFM4 LGR5,OLFM4,25,0,0,0,25,0.0
63ff2c52-cb63-44f0-bac3-d0b33373e312,Crohn disease,caecum epithelium,Stem cells OLFM4 LGR5,LGR5,83,0,0,0,83,0.0
63ff2c52-cb63-44f0-bac3-d0b33373e312,Crohn disease,caecum epithelium,Stem cells OLFM4 LGR5,ASCL2,77,0,0,0,77,0.0
63ff2c52-cb63-44f0-bac3-d0b33373e312,Crohn disease,caecum epithelium,Stem cells OLFM4 PCNA,OLFM4,26,0,0,0,26,0.0
63ff2c52-cb63-44f0-bac3-d0b33373e312,Crohn disease,caecum epithelium,Stem cells OLFM4 PCNA,PCNA,17,0,0,0,17,0.0
63ff2c52-cb63-44f0-bac3-d0b33373e312,Crohn disease,caecum epithelium,Stem cells OLFM4 PCNA,LGR5,61,0,0,0,61,0.0
63ff2c52-cb63-44f0-bac3-d0b33373e312,Crohn disease,caecum epithelium,Stem cells OLFM4 PCNA,ASCL2,58,0,2,0,60,0.03333333333333333
63ff2c52-cb63-44f0-bac3-d0b33373e312,Crohn disease,caecum epithelium,Stem cells OLFM4 PCNA,SOX9,53,0,0,0,53,0.0
63ff2c52-cb63-44f0-bac3-d0b33373e312,Crohn disease,caecum epithelium,Stem cells OLFM4 PCNA,TERT,0,0,66,0,66,1.0
63ff2c52-cb63-44f0-bac3-d0b33373e312,Crohn disease,caecum epithelium,Paneth cells,LYZ,0,0,0,0,0,
63ff2c52-cb63-44f0-bac3-d0b33373e312,Crohn disease,caecum epithelium,Paneth cells,DEFA5,0,0,0,0,0,
63ff2c52-cb63-44f0-bac3-d0b33373e312,Crohn disease,caecum,Enterocytes BEST4,BEST4,0,0,0,1,1,0.0
63ff2c52-cb63-44f0-bac3-d0b33373e312,Crohn disease,caecum,Enterocytes BEST4,OTOP2,0,1,0,0,1,1.0
63ff2c52-cb63-44f0-bac3-d0b33373e312,Crohn disease,caecum,Enterocytes BEST4,CA7,0,1,0,0,1,1.0
63ff2c52-cb63-44f0-bac3-d0b33373e312,Crohn disease,caecum,Enterocytes BEST4,GUCA2A,1,0,0,0,1,0.0
63ff2c52-cb63-44f0-bac3-d0b33373e312,Crohn disease,caecum,Enterocytes BEST4,GUCA2B,0,1,0,0,1,1.0
63ff2c52-cb63-44f0-bac3-d0b33373e312,Crohn disease,caecum,Enterocytes BEST4,SPIB,0,0,0,0,0,
63ff2c52-cb63-44f0-bac3-d0b33373e312,Crohn disease,caecum,Enterocytes BEST4,CFTR,1,0,0,0,1,0.0
63ff2c52-cb63-44f0-bac3-d0b33373e312,Crohn disease,caecum,Goblet cells MUC2 TFF1,MUC2,0,0,0,0,0,
63ff2c52-cb63-44f0-bac3-d0b33373e312,Crohn disease,caecum,Goblet cells MUC2 TFF1,TFF1,0,1,0,1,2,0.5
63ff2c52-cb63-44f0-bac3-d0b33373e312,Crohn disease,caecum,Goblet cells MUC2 TFF1,TFF3,0,0,0,0,0,
63ff2c52-cb63-44f0-bac3-d0b33373e312,Crohn disease,caecum,Goblet cells MUC2 TFF1,AGR2,0,0,0,0,0,
63ff2c52-cb63-44f0-bac3-d0b33373e312,Crohn disease,caecum,Goblet cells MUC2 TFF1,SPDEF,0,0,2,0,2,1.0
63ff2c52-cb63-44f0-bac3-d0b33373e312,Crohn disease,caecum,Tuft cells,POU2F3,0,2,0,2,4,0.5
63ff2c52-cb63-44f0-bac3-d0b33373e312,Crohn disease,caecum,Tuft cells,DCLK1,0,5,0,3,8,0.625
63ff2c52-cb63-44f0-bac3-d0b33373e312,Crohn disease,caecum,Goblet cells SPINK4,MUC2,0,0,0,0,0,
63ff2c52-cb63-44f0-bac3-d0b33373e312,Crohn disease,caecum,Goblet cells SPINK4,SPINK4,0,0,0,0,0,
63ff2c52-cb63-44f0-bac3-d0b33373e312,Crohn disease,caecum,Enterocytes TMIGD1 MEP1A,CA1,5,0,2,0,7,0.2857142857142857
63ff2c52-cb63-44f0-bac3-d0b33373e312,Crohn disease,caecum,Enterocytes TMIGD1 MEP1A,CA2,1,0,1,0,2,0.5
63ff2c52-cb63-44f0-bac3-d0b33373e312,Crohn disease,caecum,Enterocytes TMIGD1 MEP1A,TMIGD1,0,6,0,3,9,0.6666666666666666
63ff2c52-cb63-44f0-bac3-d0b33373e312,Crohn disease,caecum,Enterocytes TMIGD1 MEP1A,MEP1A,5,0,4,0,9,0.4444444444444444
63ff2c52-cb63-44f0-bac3-d0b33373e312,Crohn disease,caecum,Enterocytes CA1 CA2 CA4-,CA1,13,0,13,0,26,0.5
63ff2c52-cb63-44f0-bac3-d0b33373e312,Crohn disease,caecum,Enterocytes CA1 CA2 CA4-,CA2,8,0,8,0,16,0.5
63ff2c52-cb63-44f0-bac3-d0b33373e312,Crohn disease,caecum,Goblet cells MUC2 TFF1-,MUC2,0,0,0,0,0,
63ff2c52-cb63-44f0-bac3-d0b33373e312,Crohn disease,caecum,Epithelial Cycling cells,LGR5,0,6,0,0,6,1.0
63ff2c52-cb63-44f0-bac3-d0b33373e312,Crohn disease,caecum,Epithelial Cycling cells,OLFM4,1,0,1,0,2,0.5
63ff2c52-cb63-44f0-bac3-d0b33373e312,Crohn disease,caecum,Epithelial Cycling cells,MKI67,1,0,1,0,2,0.5
63ff2c52-cb63-44f0-bac3-d0b33373e312,Crohn disease,caecum,Enteroendocrine cells,CHGA,0,0,0,0,0,
63ff2c52-cb63-44f0-bac3-d0b33373e312,Crohn disease,caecum,Enteroendocrine cells,GCG,0,0,0,0,0,
63ff2c52-cb63-44f0-bac3-d0b33373e312,Crohn disease,caecum,Enteroendocrine cells,GIP,0,0,0,0,0,
63ff2c52-cb63-44f0-bac3-d0b33373e312,Crohn disease,caecum,Enteroendocrine cells,CCK,0,0,0,0,0,
63ff2c52-cb63-44f0-bac3-d0b33373e312,Crohn disease,caecum,Stem cells OLFM4,OLFM4,2,0,1,0,3,0.3333333333333333
63ff2c52-cb63-44f0-bac3-d0b33373e312,Crohn disease,caecum,Stem cells OLFM4,LGR5,0,4,0,0,4,1.0
63ff2c52-cb63-44f0-bac3-d0b33373e312,Crohn disease,caecum,Stem cells OLFM4 LGR5,OLFM4,0,0,0,0,0,
63ff2c52-cb63-44f0-bac3-d0b33373e312,Crohn disease,caecum,Stem cells OLFM4 LGR5,LGR5,0,0,0,1,1,0.0
63ff2c52-cb63-44f0-bac3-d0b33373e312,Crohn disease,caecum,Stem cells OLFM4 LGR5,ASCL2,0,0,0,1,1,0.0
63ff2c52-cb63-44f0-bac3-d0b33373e312,Crohn disease,caecum,Stem cells OLFM4 PCNA,OLFM4,0,0,0,0,0,
63ff2c52-cb63-44f0-bac3-d0b33373e312,Crohn disease,caecum,Stem cells OLFM4 PCNA,PCNA,0,0,0,0,0,
63ff2c52-cb63-44f0-bac3-d0b33373e312,Crohn disease,caecum,Stem cells OLFM4 PCNA,LGR5,0,0,0,0,0,
63ff2c52-cb63-44f0-bac3-d0b33373e312,Crohn disease,caecum,Stem cells OLFM4 PCNA,ASCL2,0,0,0,0,0,
63ff2c52-cb63-44f0-bac3-d0b33373e312,Crohn disease,caecum,Stem cells OLFM4 PCNA,SOX9,0,0,0,0,0,
63ff2c52-cb63-44f0-bac3-d0b33373e312,Crohn disease,caecum,Stem cells OLFM4 PCNA,TERT,0,0,0,0,0,
63ff2c52-cb63-44f0-bac3-d0b33373e312,Crohn disease,caecum,Paneth cells,LYZ,0,0,0,0,0,
63ff2c52-cb63-44f0-bac3-d0b33373e312,Crohn disease,caecum,Paneth cells,DEFA5,0,0,0,0,0,
63ff2c52-cb63-44f0-bac3-d0b33373e312,Crohn disease,right colon,Enterocytes BEST4,BEST4,40,0,1,0,41,0.024390243902439025
63ff2c52-cb63-44f0-bac3-d0b33373e312,Crohn disease,right colon,Enterocytes BEST4,OTOP2,9,0,47,0,56,0.8392857142857143
63ff2c52-cb63-44f0-bac3-d0b33373e312,Crohn disease,right colon,Enterocytes BEST4,CA7,29,0,2,0,31,0.06451612903225806
63ff2c52-cb63-44f0-bac3-d0b33373e312,Crohn disease,right colon,Enterocytes BEST4,GUCA2A,51,0,0,0,51,0.0
63ff2c52-cb63-44f0-bac3-d0b33373e312,Crohn disease,right colon,Enterocytes BEST4,GUCA2B,66,0,0,0,66,0.0
63ff2c52-cb63-44f0-bac3-d0b33373e312,Crohn disease,right colon,Enterocytes BEST4,SPIB,17,0,0,0,17,0.0
63ff2c52-cb63-44f0-bac3-d0b33373e312,Crohn disease,right colon,Enterocytes BEST4,CFTR,68,0,0,0,68,0.0
63ff2c52-cb63-44f0-bac3-d0b33373e312,Crohn disease,right colon,Goblet cells MUC2 TFF1,MUC2,0,0,0,0,0,
63ff2c52-cb63-44f0-bac3-d0b33373e312,Crohn disease,right colon,Goblet cells MUC2 TFF1,TFF1,13,0,0,0,13,0.0
63ff2c52-cb63-44f0-bac3-d0b33373e312,Crohn disease,right colon,Goblet cells MUC2 TFF1,TFF3,1,0,0,0,1,0.0
63ff2c52-cb63-44f0-bac3-d0b33373e312,Crohn disease,right colon,Goblet cells MUC2 TFF1,AGR2,27,0,0,0,27,0.0
63ff2c52-cb63-44f0-bac3-d0b33373e312,Crohn disease,right colon,Goblet cells MUC2 TFF1,SPDEF,34,0,0,0,34,0.0
63ff2c52-cb63-44f0-bac3-d0b33373e312,Crohn disease,right colon,Tuft cells,POU2F3,55,0,0,0,55,0.0
63ff2c52-cb63-44f0-bac3-d0b33373e312,Crohn disease,right colon,Tuft cells,DCLK1,0,29,0,30,59,0.4915254237288136
63ff2c52-cb63-44f0-bac3-d0b33373e312,Crohn disease,right colon,Goblet cells SPINK4,MUC2,7,0,0,0,7,0.0
63ff2c52-cb63-44f0-bac3-d0b33373e312,Crohn disease,right colon,Goblet cells SPINK4,SPINK4,8,0,0,0,8,0.0
63ff2c52-cb63-44f0-bac3-d0b33373e312,Crohn disease,right colon,Enterocytes TMIGD1 MEP1A,CA1,268,0,0,0,268,0.0
63ff2c52-cb63-44f0-bac3-d0b33373e312,Crohn disease,right colon,Enterocytes TMIGD1 MEP1A,CA2,111,0,0,0,111,0.0
63ff2c52-cb63-44f0-bac3-d0b33373e312,Crohn disease,right colon,Enterocytes TMIGD1 MEP1A,TMIGD1,304,0,23,0,327,0.07033639143730887
63ff2c52-cb63-44f0-bac3-d0b33373e312,Crohn disease,right colon,Enterocytes TMIGD1 MEP1A,MEP1A,344,0,0,0,344,0.0
63ff2c52-cb63-44f0-bac3-d0b33373e312,Crohn disease,right colon,Enterocytes CA1 CA2 CA4-,CA1,720,0,86,0,806,0.10669975186104218
63ff2c52-cb63-44f0-bac3-d0b33373e312,Crohn disease,right colon,Enterocytes CA1 CA2 CA4-,CA2,547,0,0,0,547,0.0
63ff2c52-cb63-44f0-bac3-d0b33373e312,Crohn disease,right colon,Goblet cells MUC2 TFF1-,MUC2,64,0,0,0,64,0.0
63ff2c52-cb63-44f0-bac3-d0b33373e312,Crohn disease,right colon,Epithelial Cycling cells,LGR5,204,0,0,0,204,0.0
63ff2c52-cb63-44f0-bac3-d0b33373e312,Crohn disease,right colon,Epithelial Cycling cells,OLFM4,108,0,0,0,108,0.0
63ff2c52-cb63-44f0-bac3-d0b33373e312,Crohn disease,right colon,Epithelial Cycling cells,MKI67,114,0,0,0,114,0.0
63ff2c52-cb63-44f0-bac3-d0b33373e312,Crohn disease,right colon,Enteroendocrine cells,CHGA,9,0,0,0,9,0.0
63ff2c52-cb63-44f0-bac3-d0b33373e312,Crohn disease,right colon,Enteroendocrine cells,GCG,21,0,0,0,21,0.0
63ff2c52-cb63-44f0-bac3-d0b33373e312,Crohn disease,right colon,Enteroendocrine cells,GIP,0,20,0,13,33,0.6060606060606061
63ff2c52-cb63-44f0-bac3-d0b33373e312,Crohn disease,right colon,Enteroendocrine cells,CCK,0,21,0,12,33,0.6363636363636364
63ff2c52-cb63-44f0-bac3-d0b33373e312,Crohn disease,right colon,Stem cells OLFM4,OLFM4,198,0,0,0,198,0.0
63ff2c52-cb63-44f0-bac3-d0b33373e312,Crohn disease,right colon,Stem cells OLFM4,LGR5,322,0,0,0,322,0.0
63ff2c52-cb63-44f0-bac3-d0b33373e312,Crohn disease,right colon,Stem cells OLFM4 LGR5,OLFM4,111,0,0,0,111,0.0
63ff2c52-cb63-44f0-bac3-d0b33373e312,Crohn disease,right colon,Stem cells OLFM4 LGR5,LGR5,219,0,0,0,219,0.0
63ff2c52-cb63-44f0-bac3-d0b33373e312,Crohn disease,right colon,Stem cells OLFM4 LGR5,ASCL2,221,0,0,0,221,0.0
63ff2c52-cb63-44f0-bac3-d0b33373e312,Crohn disease,right colon,Stem cells OLFM4 PCNA,OLFM4,52,0,0,0,52,0.0
63ff2c52-cb63-44f0-bac3-d0b33373e312,Crohn disease,right colon,Stem cells OLFM4 PCNA,PCNA,71,0,0,0,71,0.0
63ff2c52-cb63-44f0-bac3-d0b33373e312,Crohn disease,right colon,Stem cells OLFM4 PCNA,LGR5,117,0,0,0,117,0.0
63ff2c52-cb63-44f0-bac3-d0b33373e312,Crohn disease,right colon,Stem cells OLFM4 PCNA,ASCL2,116,0,0,0,116,0.0
63ff2c52-cb63-44f0-bac3-d0b33373e312,Crohn disease,right colon,Stem cells OLFM4 PCNA,SOX9,89,0,0,0,89,0.0
63ff2c52-cb63-44f0-bac3-d0b33373e312,Crohn disease,right colon,Stem cells OLFM4 PCNA,TERT,101,0,16,0,117,0.13675213675213677
63ff2c52-cb63-44f0-bac3-d0b33373e312,Crohn disease,right colon,Paneth cells,LYZ,3,0,0,0,3,0.0
63ff2c52-cb63-44f0-bac3-d0b33373e312,Crohn disease,right colon,Paneth cells,DEFA5,0,0,0,0,0,
