dataset,disease,tissue,cell_type,gene,original,MAGIC,SAUCIE
63ff2c52-cb63-44f0-bac3-d0b33373e312,Crohn disease,lamina propria of mucosa of colon,Enterocytes BEST4,BEST4,0.5461538461538461,1.0,1.0
63ff2c52-cb63-44f0-bac3-d0b33373e312,Crohn disease,lamina propria of mucosa of colon,Enterocytes BEST4,OTOP2,0.34615384615384615,1.0,0.9615384615384616
63ff2c52-cb63-44f0-bac3-d0b33373e312,Crohn disease,lamina propria of mucosa of colon,Enterocytes BEST4,CA7,0.7,1.0,1.0
63ff2c52-cb63-44f0-bac3-d0b33373e312,Crohn disease,lamina propria of mucosa of colon,Enterocytes BEST4,GUCA2A,0.5461538461538461,1.0,1.0
63ff2c52-cb63-44f0-bac3-d0b33373e312,Crohn disease,lamina propria of mucosa of colon,Enterocytes BEST4,GUCA2B,0.2076923076923077,1.0,0.9846153846153847
63ff2c52-cb63-44f0-bac3-d0b33373e312,Crohn disease,lamina propria of mucosa of colon,Enterocytes BEST4,SPIB,0.9153846153846154,1.0,0.9692307692307692
63ff2c52-cb63-44f0-bac3-d0b33373e312,Crohn disease,lamina propria of mucosa of colon,Enterocytes BEST4,CFTR,0.2692307692307692,1.0,1.0
63ff2c52-cb63-44f0-bac3-d0b33373e312,Crohn disease,lamina propria of mucosa of colon,Goblet cells MUC2 TFF1,MUC2,1.0,1.0,1.0
63ff2c52-cb63-44f0-bac3-d0b33373e312,Crohn disease,lamina propria of mucosa of colon,Goblet cells MUC2 TFF1,TFF1,0.7891891891891892,1.0,0.9891891891891892
63ff2c52-cb63-44f0-bac3-d0b33373e312,Crohn disease,lamina propria of mucosa of colon,Goblet cells MUC2 TFF1,TFF3,0.9837837837837838,1.0,1.0
63ff2c52-cb63-44f0-bac3-d0b33373e312,Crohn disease,lamina propria of mucosa of colon,Goblet cells MUC2 TFF1,FCGBP,,,
63ff2c52-cb63-44f0-bac3-d0b33373e312,Crohn disease,lamina propria of mucosa of colon,Goblet cells MUC2 TFF1,AGR2,0.9675675675675676,1.0,1.0
63ff2c52-cb63-44f0-bac3-d0b33373e312,Crohn disease,lamina propria of mucosa of colon,Goblet cells MUC2 TFF1,SPDEF,0.7567567567567568,1.0,1.0
63ff2c52-cb63-44f0-bac3-d0b33373e312,Crohn disease,lamina propria of mucosa of colon,Tuft cells,POU2F3,0.39473684210526316,1.0,0.9736842105263158
63ff2c52-cb63-44f0-bac3-d0b33373e312,Crohn disease,lamina propria of mucosa of colon,Tuft cells,DCLK1,0.0,1.0,0.8552631578947368
63ff2c52-cb63-44f0-bac3-d0b33373e312,Crohn disease,lamina propria of mucosa of colon,Goblet cells SPINK4,MUC2,0.7241379310344828,1.0,1.0
63ff2c52-cb63-44f0-bac3-d0b33373e312,Crohn disease,lamina propria of mucosa of colon,Goblet cells SPINK4,SPINK4,0.8620689655172413,1.0,1.0
63ff2c52-cb63-44f0-bac3-d0b33373e312,Crohn disease,lamina propria of mucosa of colon,Enterocytes TMIGD1 MEP1A,CA1,0.3699268130405855,1.0,0.7065868263473054
63ff2c52-cb63-44f0-bac3-d0b33373e312,Crohn disease,lamina propria of mucosa of colon,Enterocytes TMIGD1 MEP1A,CA2,0.5083166999334664,1.0,0.7904191616766467
63ff2c52-cb63-44f0-bac3-d0b33373e312,Crohn disease,lamina propria of mucosa of colon,Enterocytes TMIGD1 MEP1A,TMIGD1,0.3479707252162342,1.0,0.8789088489687292
63ff2c52-cb63-44f0-bac3-d0b33373e312,Crohn disease,lamina propria of mucosa of colon,Enterocytes TMIGD1 MEP1A,MEP1A,0.5568862275449101,1.0,1.0
63ff2c52-cb63-44f0-bac3-d0b33373e312,Crohn disease,lamina propria of mucosa of colon,Enterocytes CA1 CA2 CA4-,CA1,0.2547945205479452,1.0,0.8974559686888454
63ff2c52-cb63-44f0-bac3-d0b33373e312,Crohn disease,lamina propria of mucosa of colon,Enterocytes CA1 CA2 CA4-,CA2,0.5013698630136987,1.0,0.9577299412915852
63ff2c52-cb63-44f0-bac3-d0b33373e312,Crohn disease,lamina propria of mucosa of colon,Goblet cells MUC2 TFF1-,MUC2,0.991466252909232,1.0,1.0
63ff2c52-cb63-44f0-bac3-d0b33373e312,Crohn disease,lamina propria of mucosa of colon,Epithelial Cycling cells,LGR5,0.026474127557160047,1.0,0.9614921780986763
63ff2c52-cb63-44f0-bac3-d0b33373e312,Crohn disease,lamina propria of mucosa of colon,Epithelial Cycling cells,OLFM4,0.8219013237063778,1.0,1.0
63ff2c52-cb63-44f0-bac3-d0b33373e312,Crohn disease,lamina propria of mucosa of colon,Epithelial Cycling cells,MKI67,0.9121540312876053,1.0,0.9951865222623345
63ff2c52-cb63-44f0-bac3-d0b33373e312,Crohn disease,lamina propria of mucosa of colon,Enteroendocrine cells,CHGA,0.8518518518518519,1.0,0.9814814814814815
63ff2c52-cb63-44f0-bac3-d0b33373e312,Crohn disease,lamina propria of mucosa of colon,Enteroendocrine cells,GCG,0.2962962962962963,1.0,0.9074074074074074
63ff2c52-cb63-44f0-bac3-d0b33373e312,Crohn disease,lamina propria of mucosa of colon,Enteroendocrine cells,GIP,0.018518518518518517,1.0,1.0
63ff2c52-cb63-44f0-bac3-d0b33373e312,Crohn disease,lamina propria of mucosa of colon,Enteroendocrine cells,CCK,0.037037037037037035,1.0,0.6851851851851852
63ff2c52-cb63-44f0-bac3-d0b33373e312,Crohn disease,lamina propria of mucosa of colon,Stem cells OLFM4,OLFM4,0.6063492063492063,1.0,1.0
63ff2c52-cb63-44f0-bac3-d0b33373e312,Crohn disease,lamina propria of mucosa of colon,Stem cells OLFM4,LGR5,0.031746031746031744,1.0,0.8888888888888888
63ff2c52-cb63-44f0-bac3-d0b33373e312,Crohn disease,lamina propria of mucosa of colon,Stem cells OLFM4 LGR5,OLFM4,0.8473684210526315,1.0,1.0
63ff2c52-cb63-44f0-bac3-d0b33373e312,Crohn disease,lamina propria of mucosa of colon,Stem cells OLFM4 LGR5,LGR5,0.14385964912280702,1.0,0.987719298245614
63ff2c52-cb63-44f0-bac3-d0b33373e312,Crohn disease,lamina propria of mucosa of colon,Stem cells OLFM4 LGR5,ASCL2,0.34385964912280703,1.0,0.956140350877193
63ff2c52-cb63-44f0-bac3-d0b33373e312,Crohn disease,lamina propria of mucosa of colon,Stem cells OLFM4 PCNA,OLFM4,0.8009708737864077,1.0,1.0
63ff2c52-cb63-44f0-bac3-d0b33373e312,Crohn disease,lamina propria of mucosa of colon,Stem cells OLFM4 PCNA,PCNA,0.7888349514563107,1.0,1.0
63ff2c52-cb63-44f0-bac3-d0b33373e312,Crohn disease,lamina propria of mucosa of colon,Stem cells OLFM4 PCNA,LGR5,0.03640776699029126,1.0,0.9393203883495146
63ff2c52-cb63-44f0-bac3-d0b33373e312,Crohn disease,lamina propria of mucosa of colon,Stem cells OLFM4 PCNA,ASCL2,0.1529126213592233,1.0,1.0
63ff2c52-cb63-44f0-bac3-d0b33373e312,Crohn disease,lamina propria of mucosa of colon,Stem cells OLFM4 PCNA,SOX9,0.4368932038834951,1.0,0.9854368932038835
63ff2c52-cb63-44f0-bac3-d0b33373e312,Crohn disease,lamina propria of mucosa of colon,Stem cells OLFM4 PCNA,TERT,0.014563106796116505,1.0,0.9927184466019418
63ff2c52-cb63-44f0-bac3-d0b33373e312,Crohn disease,lamina propria of mucosa of colon,Paneth cells,LYZ,0.9291338582677166,1.0,1.0
63ff2c52-cb63-44f0-bac3-d0b33373e312,Crohn disease,lamina propria of mucosa of colon,Paneth cells,DEFA5,0.968503937007874,1.0,1.0
63ff2c52-cb63-44f0-bac3-d0b33373e312,Crohn disease,colonic epithelium,Enterocytes BEST4,BEST4,0.7951002227171492,1.0,0.9977728285077951
63ff2c52-cb63-44f0-bac3-d0b33373e312,Crohn disease,colonic epithelium,Enterocytes BEST4,OTOP2,0.7505567928730512,1.0,0.9977728285077951
63ff2c52-cb63-44f0-bac3-d0b33373e312,Crohn disease,colonic epithelium,Enterocytes BEST4,CA7,0.7661469933184856,1.0,1.0
63ff2c52-cb63-44f0-bac3-d0b33373e312,Crohn disease,colonic epithelium,Enterocytes BEST4,GUCA2A,0.8106904231625836,1.0,1.0
63ff2c52-cb63-44f0-bac3-d0b33373e312,Crohn disease,colonic epithelium,Enterocytes BEST4,GUCA2B,0.6124721603563474,1.0,1.0
63ff2c52-cb63-44f0-bac3-d0b33373e312,Crohn disease,colonic epithelium,Enterocytes BEST4,SPIB,0.5924276169265034,1.0,0.9732739420935412
63ff2c52-cb63-44f0-bac3-d0b33373e312,Crohn disease,colonic epithelium,Enterocytes BEST4,CFTR,0.1447661469933185,1.0,0.9977728285077951
63ff2c52-cb63-44f0-bac3-d0b33373e312,Crohn disease,colonic epithelium,Goblet cells MUC2 TFF1,MUC2,0.978125,1.0,0.99375
63ff2c52-cb63-44f0-bac3-d0b33373e312,Crohn disease,colonic epithelium,Goblet cells MUC2 TFF1,TFF1,0.8515625,1.0,1.0
63ff2c52-cb63-44f0-bac3-d0b33373e312,Crohn disease,colonic epithelium,Goblet cells MUC2 TFF1,TFF3,0.940625,1.0,1.0
63ff2c52-cb63-44f0-bac3-d0b33373e312,Crohn disease,colonic epithelium,Goblet cells MUC2 TFF1,FCGBP,,,
63ff2c52-cb63-44f0-bac3-d0b33373e312,Crohn disease,colonic epithelium,Goblet cells MUC2 TFF1,AGR2,0.7203125,1.0,1.0
63ff2c52-cb63-44f0-bac3-d0b33373e312,Crohn disease,colonic epithelium,Goblet cells MUC2 TFF1,SPDEF,0.265625,1.0,0.9609375
63ff2c52-cb63-44f0-bac3-d0b33373e312,Crohn disease,colonic epithelium,Tuft cells,POU2F3,0.30578512396694213,1.0,0.743801652892562
63ff2c52-cb63-44f0-bac3-d0b33373e312,Crohn disease,colonic epithelium,Tuft cells,DCLK1,0.0,0.0,0.045454545454545456
63ff2c52-cb63-44f0-bac3-d0b33373e312,Crohn disease,colonic epithelium,Goblet cells SPINK4,MUC2,0.45588235294117646,1.0,0.7573529411764706
63ff2c52-cb63-44f0-bac3-d0b33373e312,Crohn disease,colonic epithelium,Goblet cells SPINK4,SPINK4,0.6985294117647058,1.0,0.9926470588235294
63ff2c52-cb63-44f0-bac3-d0b33373e312,Crohn disease,colonic epithelium,Enterocytes TMIGD1 MEP1A,CA1,0.6496369294605809,1.0,0.9979253112033195
63ff2c52-cb63-44f0-bac3-d0b33373e312,Crohn disease,colonic epithelium,Enterocytes TMIGD1 MEP1A,CA2,0.85451244813278,1.0,0.9997406639004149
63ff2c52-cb63-44f0-bac3-d0b33373e312,Crohn disease,colonic epithelium,Enterocytes TMIGD1 MEP1A,TMIGD1,0.45695020746887965,1.0,1.0
63ff2c52-cb63-44f0-bac3-d0b33373e312,Crohn disease,colonic epithelium,Enterocytes TMIGD1 MEP1A,MEP1A,0.35269709543568467,1.0,1.0
63ff2c52-cb63-44f0-bac3-d0b33373e312,Crohn disease,colonic epithelium,Enterocytes CA1 CA2 CA4-,CA1,0.680644656548271,1.0,0.9938976685964638
63ff2c52-cb63-44f0-bac3-d0b33373e312,Crohn disease,colonic epithelium,Enterocytes CA1 CA2 CA4-,CA2,0.7319668283523705,1.0,0.9926459083085589
63ff2c52-cb63-44f0-bac3-d0b33373e312,Crohn disease,colonic epithelium,Goblet cells MUC2 TFF1-,MUC2,0.9613878007834359,1.0,1.0
63ff2c52-cb63-44f0-bac3-d0b33373e312,Crohn disease,colonic epithelium,Epithelial Cycling cells,LGR5,0.017045454545454544,1.0,0.6939935064935064
63ff2c52-cb63-44f0-bac3-d0b33373e312,Crohn disease,colonic epithelium,Epithelial Cycling cells,OLFM4,0.6363636363636364,1.0,1.0
63ff2c52-cb63-44f0-bac3-d0b33373e312,Crohn disease,colonic epithelium,Epithelial Cycling cells,MKI67,0.5665584415584416,1.0,1.0
63ff2c52-cb63-44f0-bac3-d0b33373e312,Crohn disease,colonic epithelium,Enteroendocrine cells,CHGA,0.47959183673469385,1.0,1.0
63ff2c52-cb63-44f0-bac3-d0b33373e312,Crohn disease,colonic epithelium,Enteroendocrine cells,GCG,0.30612244897959184,1.0,0.9591836734693877
63ff2c52-cb63-44f0-bac3-d0b33373e312,Crohn disease,colonic epithelium,Enteroendocrine cells,GIP,0.0,0.0,0.6530612244897959
63ff2c52-cb63-44f0-bac3-d0b33373e312,Crohn disease,colonic epithelium,Enteroendocrine cells,CCK,0.0,1.0,0.9591836734693877
63ff2c52-cb63-44f0-bac3-d0b33373e312,Crohn disease,colonic epithelium,Stem cells OLFM4,OLFM4,0.4677754677754678,1.0,1.0
63ff2c52-cb63-44f0-bac3-d0b33373e312,Crohn disease,colonic epithelium,Stem cells OLFM4,LGR5,0.005197505197505198,1.0,0.4792099792099792
63ff2c52-cb63-44f0-bac3-d0b33373e312,Crohn disease,colonic epithelium,Stem cells OLFM4 LGR5,OLFM4,0.7106145251396648,1.0,1.0
63ff2c52-cb63-44f0-bac3-d0b33373e312,Crohn disease,colonic epithelium,Stem cells OLFM4 LGR5,LGR5,0.035754189944134075,1.0,0.9195530726256983
63ff2c52-cb63-44f0-bac3-d0b33373e312,Crohn disease,colonic epithelium,Stem cells OLFM4 LGR5,ASCL2,0.12625698324022347,1.0,1.0
63ff2c52-cb63-44f0-bac3-d0b33373e312,Crohn disease,colonic epithelium,Stem cells OLFM4 PCNA,OLFM4,0.6772673733804476,1.0,1.0
63ff2c52-cb63-44f0-bac3-d0b33373e312,Crohn disease,colonic epithelium,Stem cells OLFM4 PCNA,PCNA,0.48998822143698467,1.0,1.0
63ff2c52-cb63-44f0-bac3-d0b33373e312,Crohn disease,colonic epithelium,Stem cells OLFM4 PCNA,LGR5,0.020023557126030624,1.0,0.6336866902237926
63ff2c52-cb63-44f0-bac3-d0b33373e312,Crohn disease,colonic epithelium,Stem cells OLFM4 PCNA,ASCL2,0.07773851590106007,1.0,1.0
63ff2c52-cb63-44f0-bac3-d0b33373e312,Crohn disease,colonic epithelium,Stem cells OLFM4 PCNA,SOX9,0.21201413427561838,1.0,1.0
63ff2c52-cb63-44f0-bac3-d0b33373e312,Crohn disease,colonic epithelium,Stem cells OLFM4 PCNA,TERT,0.008244994110718492,1.0,0.5830388692579506
63ff2c52-cb63-44f0-bac3-d0b33373e312,Crohn disease,colonic epithelium,Paneth cells,LYZ,0.8125,1.0,1.0
63ff2c52-cb63-44f0-bac3-d0b33373e312,Crohn disease,colonic epithelium,Paneth cells,DEFA5,0.75,1.0,1.0
63ff2c52-cb63-44f0-bac3-d0b33373e312,normal,colon,Enterocytes BEST4,BEST4,0.4811083123425693,1.0,1.0
63ff2c52-cb63-44f0-bac3-d0b33373e312,normal,colon,Enterocytes BEST4,OTOP2,0.44584382871536526,1.0,0.9748110831234257
63ff2c52-cb63-44f0-bac3-d0b33373e312,normal,colon,Enterocytes BEST4,CA7,0.8312342569269522,1.0,1.0
63ff2c52-cb63-44f0-bac3-d0b33373e312,normal,colon,Enterocytes BEST4,GUCA2A,0.5113350125944585,1.0,0.9924433249370277
63ff2c52-cb63-44f0-bac3-d0b33373e312,normal,colon,Enterocytes BEST4,GUCA2B,0.2040302267002519,1.0,0.9445843828715366
63ff2c52-cb63-44f0-bac3-d0b33373e312,normal,colon,Enterocytes BEST4,SPIB,0.7455919395465995,1.0,1.0
63ff2c52-cb63-44f0-bac3-d0b33373e312,normal,colon,Enterocytes BEST4,CFTR,0.1561712846347607,1.0,1.0
63ff2c52-cb63-44f0-bac3-d0b33373e312,normal,colon,Goblet cells MUC2 TFF1,MUC2,0.8901515151515151,1.0,1.0
63ff2c52-cb63-44f0-bac3-d0b33373e312,normal,colon,Goblet cells MUC2 TFF1,TFF1,0.48863636363636365,1.0,1.0
63ff2c52-cb63-44f0-bac3-d0b33373e312,normal,colon,Goblet cells MUC2 TFF1,TFF3,0.9962121212121212,1.0,1.0
63ff2c52-cb63-44f0-bac3-d0b33373e312,normal,colon,Goblet cells MUC2 TFF1,FCGBP,,,
63ff2c52-cb63-44f0-bac3-d0b33373e312,normal,colon,Goblet cells MUC2 TFF1,AGR2,0.8674242424242424,1.0,1.0
63ff2c52-cb63-44f0-bac3-d0b33373e312,normal,colon,Goblet cells MUC2 TFF1,SPDEF,0.2727272727272727,1.0,1.0
63ff2c52-cb63-44f0-bac3-d0b33373e312,normal,colon,Tuft cells,POU2F3,0.11428571428571428,1.0,0.37142857142857144
63ff2c52-cb63-44f0-bac3-d0b33373e312,normal,colon,Tuft cells,DCLK1,0.0,1.0,0.8285714285714286
63ff2c52-cb63-44f0-bac3-d0b33373e312,normal,colon,Goblet cells SPINK4,MUC2,0.31654676258992803,1.0,1.0
63ff2c52-cb63-44f0-bac3-d0b33373e312,normal,colon,Goblet cells SPINK4,SPINK4,0.39568345323741005,1.0,1.0
63ff2c52-cb63-44f0-bac3-d0b33373e312,normal,colon,Enterocytes TMIGD1 MEP1A,CA1,0.7566197183098592,1.0,0.9994366197183099
63ff2c52-cb63-44f0-bac3-d0b33373e312,normal,colon,Enterocytes TMIGD1 MEP1A,CA2,0.7859154929577464,1.0,1.0
63ff2c52-cb63-44f0-bac3-d0b33373e312,normal,colon,Enterocytes TMIGD1 MEP1A,TMIGD1,0.08169014084507042,1.0,0.5487323943661971
63ff2c52-cb63-44f0-bac3-d0b33373e312,normal,colon,Enterocytes TMIGD1 MEP1A,MEP1A,0.18535211267605634,1.0,1.0
63ff2c52-cb63-44f0-bac3-d0b33373e312,normal,colon,Enterocytes CA1 CA2 CA4-,CA1,0.3649851632047478,1.0,0.9668026706231454
63ff2c52-cb63-44f0-bac3-d0b33373e312,normal,colon,Enterocytes CA1 CA2 CA4-,CA2,0.476446587537092,1.0,0.9992581602373887
63ff2c52-cb63-44f0-bac3-d0b33373e312,normal,colon,Goblet cells MUC2 TFF1-,MUC2,0.6789441375076735,1.0,1.0
63ff2c52-cb63-44f0-bac3-d0b33373e312,normal,colon,Epithelial Cycling cells,LGR5,0.021688613477924088,1.0,0.7986057319907048
63ff2c52-cb63-44f0-bac3-d0b33373e312,normal,colon,Epithelial Cycling cells,OLFM4,0.2587141750580945,1.0,0.9806351665375678
63ff2c52-cb63-44f0-bac3-d0b33373e312,normal,colon,Epithelial Cycling cells,MKI67,0.27188226181254843,1.0,0.9969016266460109
63ff2c52-cb63-44f0-bac3-d0b33373e312,normal,colon,Enteroendocrine cells,CHGA,0.5487804878048781,1.0,1.0
63ff2c52-cb63-44f0-bac3-d0b33373e312,normal,colon,Enteroendocrine cells,GCG,0.6707317073170732,1.0,0.9573170731707317
63ff2c52-cb63-44f0-bac3-d0b33373e312,normal,colon,Enteroendocrine cells,GIP,0.0,0.0,0.6097560975609756
63ff2c52-cb63-44f0-bac3-d0b33373e312,normal,colon,Enteroendocrine cells,CCK,0.0,0.9878048780487805,0.11585365853658537
63ff2c52-cb63-44f0-bac3-d0b33373e312,normal,colon,Stem cells OLFM4,OLFM4,0.23749208359721344,1.0,0.9987333755541482
63ff2c52-cb63-44f0-bac3-d0b33373e312,normal,colon,Stem cells OLFM4,LGR5,0.01013299556681444,1.0,0.7093096896770108
63ff2c52-cb63-44f0-bac3-d0b33373e312,normal,colon,Stem cells OLFM4 LGR5,OLFM4,0.3475232198142415,1.0,0.9620743034055728
63ff2c52-cb63-44f0-bac3-d0b33373e312,normal,colon,Stem cells OLFM4 LGR5,LGR5,0.04489164086687306,1.0,0.6625386996904025
63ff2c52-cb63-44f0-bac3-d0b33373e312,normal,colon,Stem cells OLFM4 LGR5,ASCL2,0.29256965944272445,1.0,0.9976780185758514
63ff2c52-cb63-44f0-bac3-d0b33373e312,normal,colon,Stem cells OLFM4 PCNA,OLFM4,0.3894230769230769,1.0,0.9935897435897436
63ff2c52-cb63-44f0-bac3-d0b33373e312,normal,colon,Stem cells OLFM4 PCNA,PCNA,0.5112179487179487,1.0,1.0
63ff2c52-cb63-44f0-bac3-d0b33373e312,normal,colon,Stem cells OLFM4 PCNA,LGR5,0.019230769230769232,1.0,0.8541666666666666
63ff2c52-cb63-44f0-bac3-d0b33373e312,normal,colon,Stem cells OLFM4 PCNA,ASCL2,0.15384615384615385,1.0,0.9903846153846154
63ff2c52-cb63-44f0-bac3-d0b33373e312,normal,colon,Stem cells OLFM4 PCNA,SOX9,0.2483974358974359,1.0,1.0
63ff2c52-cb63-44f0-bac3-d0b33373e312,normal,colon,Stem cells OLFM4 PCNA,TERT,0.003205128205128205,1.0,0.3317307692307692
63ff2c52-cb63-44f0-bac3-d0b33373e312,normal,colon,Paneth cells,LYZ,0.1,1.0,0.7
63ff2c52-cb63-44f0-bac3-d0b33373e312,normal,colon,Paneth cells,DEFA5,0.3,1.0,0.4
63ff2c52-cb63-44f0-bac3-d0b33373e312,Crohn disease,sigmoid colon,Enterocytes BEST4,BEST4,0.26666666666666666,1.0,0.65
63ff2c52-cb63-44f0-bac3-d0b33373e312,Crohn disease,sigmoid colon,Enterocytes BEST4,OTOP2,0.08333333333333333,1.0,0.55
63ff2c52-cb63-44f0-bac3-d0b33373e312,Crohn disease,sigmoid colon,Enterocytes BEST4,CA7,0.2833333333333333,1.0,0.8333333333333334
63ff2c52-cb63-44f0-bac3-d0b33373e312,Crohn disease,sigmoid colon,Enterocytes BEST4,GUCA2A,0.31666666666666665,1.0,0.9833333333333333
63ff2c52-cb63-44f0-bac3-d0b33373e312,Crohn disease,sigmoid colon,Enterocytes BEST4,GUCA2B,0.11666666666666667,1.0,1.0
63ff2c52-cb63-44f0-bac3-d0b33373e312,Crohn disease,sigmoid colon,Enterocytes BEST4,SPIB,0.38333333333333336,1.0,0.95
63ff2c52-cb63-44f0-bac3-d0b33373e312,Crohn disease,sigmoid colon,Enterocytes BEST4,CFTR,0.16666666666666666,1.0,0.95
63ff2c52-cb63-44f0-bac3-d0b33373e312,Crohn disease,sigmoid colon,Goblet cells MUC2 TFF1,MUC2,0.9722222222222222,1.0,1.0
63ff2c52-cb63-44f0-bac3-d0b33373e312,Crohn disease,sigmoid colon,Goblet cells MUC2 TFF1,TFF1,0.9814814814814815,1.0,1.0
63ff2c52-cb63-44f0-bac3-d0b33373e312,Crohn disease,sigmoid colon,Goblet cells MUC2 TFF1,TFF3,0.9629629629629629,1.0,1.0
63ff2c52-cb63-44f0-bac3-d0b33373e312,Crohn disease,sigmoid colon,Goblet cells MUC2 TFF1,FCGBP,,,
63ff2c52-cb63-44f0-bac3-d0b33373e312,Crohn disease,sigmoid colon,Goblet cells MUC2 TFF1,AGR2,0.9722222222222222,1.0,1.0
63ff2c52-cb63-44f0-bac3-d0b33373e312,Crohn disease,sigmoid colon,Goblet cells MUC2 TFF1,SPDEF,0.4351851851851852,1.0,0.9814814814814815
63ff2c52-cb63-44f0-bac3-d0b33373e312,Crohn disease,sigmoid colon,Tuft cells,POU2F3,0.32727272727272727,1.0,0.5636363636363636
63ff2c52-cb63-44f0-bac3-d0b33373e312,Crohn disease,sigmoid colon,Tuft cells,DCLK1,0.0,0.0,0.34545454545454546
63ff2c52-cb63-44f0-bac3-d0b33373e312,Crohn disease,sigmoid colon,Goblet cells SPINK4,MUC2,0.5263157894736842,1.0,1.0
63ff2c52-cb63-44f0-bac3-d0b33373e312,Crohn disease,sigmoid colon,Goblet cells SPINK4,SPINK4,1.0,1.0,1.0
63ff2c52-cb63-44f0-bac3-d0b33373e312,Crohn disease,sigmoid colon,Enterocytes TMIGD1 MEP1A,CA1,0.1119718309859155,1.0,1.0
63ff2c52-cb63-44f0-bac3-d0b33373e312,Crohn disease,sigmoid colon,Enterocytes TMIGD1 MEP1A,CA2,0.6183098591549295,1.0,0.9985915492957746
63ff2c52-cb63-44f0-bac3-d0b33373e312,Crohn disease,sigmoid colon,Enterocytes TMIGD1 MEP1A,TMIGD1,0.15352112676056337,1.0,0.9732394366197183
63ff2c52-cb63-44f0-bac3-d0b33373e312,Crohn disease,sigmoid colon,Enterocytes TMIGD1 MEP1A,MEP1A,0.3732394366197183,1.0,1.0
63ff2c52-cb63-44f0-bac3-d0b33373e312,Crohn disease,sigmoid colon,Enterocytes CA1 CA2 CA4-,CA1,0.06793145654834762,1.0,0.879436964504284
63ff2c52-cb63-44f0-bac3-d0b33373e312,Crohn disease,sigmoid colon,Enterocytes CA1 CA2 CA4-,CA2,0.4828641370869033,1.0,0.9865361077111383
63ff2c52-cb63-44f0-bac3-d0b33373e312,Crohn disease,sigmoid colon,Goblet cells MUC2 TFF1-,MUC2,0.9818840579710145,1.0,1.0
63ff2c52-cb63-44f0-bac3-d0b33373e312,Crohn disease,sigmoid colon,Epithelial Cycling cells,LGR5,0.04742268041237113,1.0,1.0
63ff2c52-cb63-44f0-bac3-d0b33373e312,Crohn disease,sigmoid colon,Epithelial Cycling cells,OLFM4,0.8701030927835052,1.0,1.0
63ff2c52-cb63-44f0-bac3-d0b33373e312,Crohn disease,sigmoid colon,Epithelial Cycling cells,MKI67,0.7381443298969073,1.0,1.0
63ff2c52-cb63-44f0-bac3-d0b33373e312,Crohn disease,sigmoid colon,Enteroendocrine cells,CHGA,0.7307692307692307,1.0,1.0
63ff2c52-cb63-44f0-bac3-d0b33373e312,Crohn disease,sigmoid colon,Enteroendocrine cells,GCG,0.2692307692307692,1.0,0.9230769230769231
63ff2c52-cb63-44f0-bac3-d0b33373e312,Crohn disease,sigmoid colon,Enteroendocrine cells,GIP,0.0,0.0,0.19230769230769232
63ff2c52-cb63-44f0-bac3-d0b33373e312,Crohn disease,sigmoid colon,Enteroendocrine cells,CCK,0.0,1.0,0.6538461538461539
63ff2c52-cb63-44f0-bac3-d0b33373e312,Crohn disease,sigmoid colon,Stem cells OLFM4,OLFM4,0.8171206225680934,1.0,1.0
63ff2c52-cb63-44f0-bac3-d0b33373e312,Crohn disease,sigmoid colon,Stem cells OLFM4,LGR5,0.011673151750972763,1.0,1.0
63ff2c52-cb63-44f0-bac3-d0b33373e312,Crohn disease,sigmoid colon,Stem cells OLFM4 LGR5,OLFM4,0.9928400954653938,1.0,1.0
63ff2c52-cb63-44f0-bac3-d0b33373e312,Crohn disease,sigmoid colon,Stem cells OLFM4 LGR5,LGR5,0.26968973747016706,1.0,1.0
63ff2c52-cb63-44f0-bac3-d0b33373e312,Crohn disease,sigmoid colon,Stem cells OLFM4 LGR5,ASCL2,0.5417661097852029,1.0,0.9952267303102625
63ff2c52-cb63-44f0-bac3-d0b33373e312,Crohn disease,sigmoid colon,Stem cells OLFM4 PCNA,OLFM4,0.8542372881355932,1.0,1.0
63ff2c52-cb63-44f0-bac3-d0b33373e312,Crohn disease,sigmoid colon,Stem cells OLFM4 PCNA,PCNA,0.7661016949152543,1.0,1.0
63ff2c52-cb63-44f0-bac3-d0b33373e312,Crohn disease,sigmoid colon,Stem cells OLFM4 PCNA,LGR5,0.06779661016949153,1.0,1.0
63ff2c52-cb63-44f0-bac3-d0b33373e312,Crohn disease,sigmoid colon,Stem cells OLFM4 PCNA,ASCL2,0.24745762711864408,1.0,1.0
63ff2c52-cb63-44f0-bac3-d0b33373e312,Crohn disease,sigmoid colon,Stem cells OLFM4 PCNA,SOX9,0.39661016949152544,1.0,1.0
63ff2c52-cb63-44f0-bac3-d0b33373e312,Crohn disease,sigmoid colon,Stem cells OLFM4 PCNA,TERT,0.003389830508474576,1.0,0.8508474576271187
63ff2c52-cb63-44f0-bac3-d0b33373e312,Crohn disease,sigmoid colon,Paneth cells,LYZ,0.9090909090909091,1.0,1.0
63ff2c52-cb63-44f0-bac3-d0b33373e312,Crohn disease,sigmoid colon,Paneth cells,DEFA5,0.6,1.0,0.9818181818181818
63ff2c52-cb63-44f0-bac3-d0b33373e312,Crohn disease,colon,Enterocytes BEST4,BEST4,0.5447154471544715,1.0,0.7317073170731707
63ff2c52-cb63-44f0-bac3-d0b33373e312,Crohn disease,colon,Enterocytes BEST4,OTOP2,0.3333333333333333,1.0,0.7398373983739838
63ff2c52-cb63-44f0-bac3-d0b33373e312,Crohn disease,colon,Enterocytes BEST4,CA7,0.6991869918699187,1.0,1.0
63ff2c52-cb63-44f0-bac3-d0b33373e312,Crohn disease,colon,Enterocytes BEST4,GUCA2A,0.6422764227642277,1.0,1.0
63ff2c52-cb63-44f0-bac3-d0b33373e312,Crohn disease,colon,Enterocytes BEST4,GUCA2B,0.2764227642276423,1.0,0.9349593495934959
63ff2c52-cb63-44f0-bac3-d0b33373e312,Crohn disease,colon,Enterocytes BEST4,SPIB,0.7479674796747967,1.0,0.991869918699187
63ff2c52-cb63-44f0-bac3-d0b33373e312,Crohn disease,colon,Enterocytes BEST4,CFTR,0.11382113821138211,1.0,0.9349593495934959
63ff2c52-cb63-44f0-bac3-d0b33373e312,Crohn disease,colon,Goblet cells MUC2 TFF1,MUC2,0.9853479853479854,1.0,1.0
63ff2c52-cb63-44f0-bac3-d0b33373e312,Crohn disease,colon,Goblet cells MUC2 TFF1,TFF1,0.9560439560439561,1.0,1.0
63ff2c52-cb63-44f0-bac3-d0b33373e312,Crohn disease,colon,Goblet cells MUC2 TFF1,TFF3,0.9963369963369964,1.0,1.0
63ff2c52-cb63-44f0-bac3-d0b33373e312,Crohn disease,colon,Goblet cells MUC2 TFF1,FCGBP,,,
63ff2c52-cb63-44f0-bac3-d0b33373e312,Crohn disease,colon,Goblet cells MUC2 TFF1,AGR2,0.7619047619047619,1.0,1.0
63ff2c52-cb63-44f0-bac3-d0b33373e312,Crohn disease,colon,Goblet cells MUC2 TFF1,SPDEF,0.1978021978021978,1.0,0.9963369963369964
63ff2c52-cb63-44f0-bac3-d0b33373e312,Crohn disease,colon,Tuft cells,POU2F3,0.3958333333333333,1.0,1.0
63ff2c52-cb63-44f0-bac3-d0b33373e312,Crohn disease,colon,Tuft cells,DCLK1,0.0,0.0,0.4375
63ff2c52-cb63-44f0-bac3-d0b33373e312,Crohn disease,colon,Goblet cells SPINK4,MUC2,0.16056338028169015,1.0,1.0
63ff2c52-cb63-44f0-bac3-d0b33373e312,Crohn disease,colon,Goblet cells SPINK4,SPINK4,0.856338028169014,1.0,1.0
63ff2c52-cb63-44f0-bac3-d0b33373e312,Crohn disease,colon,Enterocytes TMIGD1 MEP1A,CA1,0.5776699029126213,1.0,1.0
63ff2c52-cb63-44f0-bac3-d0b33373e312,Crohn disease,colon,Enterocytes TMIGD1 MEP1A,CA2,0.8319174757281553,1.0,1.0
63ff2c52-cb63-44f0-bac3-d0b33373e312,Crohn disease,colon,Enterocytes TMIGD1 MEP1A,TMIGD1,0.41201456310679613,1.0,1.0
63ff2c52-cb63-44f0-bac3-d0b33373e312,Crohn disease,colon,Enterocytes TMIGD1 MEP1A,MEP1A,0.375,1.0,1.0
63ff2c52-cb63-44f0-bac3-d0b33373e312,Crohn disease,colon,Enterocytes CA1 CA2 CA4-,CA1,0.3104566333423399,1.0,0.9616319913536882
63ff2c52-cb63-44f0-bac3-d0b33373e312,Crohn disease,colon,Enterocytes CA1 CA2 CA4-,CA2,0.6273980005403945,1.0,0.9718994866252364
63ff2c52-cb63-44f0-bac3-d0b33373e312,Crohn disease,colon,Goblet cells MUC2 TFF1-,MUC2,0.7819237147595357,1.0,1.0
63ff2c52-cb63-44f0-bac3-d0b33373e312,Crohn disease,colon,Epithelial Cycling cells,LGR5,0.007380073800738007,1.0,0.7330873308733087
63ff2c52-cb63-44f0-bac3-d0b33373e312,Crohn disease,colon,Epithelial Cycling cells,OLFM4,0.5596555965559655,1.0,0.9532595325953259
63ff2c52-cb63-44f0-bac3-d0b33373e312,Crohn disease,colon,Epithelial Cycling cells,MKI67,0.5239852398523985,1.0,0.8769987699876999
63ff2c52-cb63-44f0-bac3-d0b33373e312,Crohn disease,colon,Enteroendocrine cells,CHGA,0.9545454545454546,1.0,0.7272727272727273
63ff2c52-cb63-44f0-bac3-d0b33373e312,Crohn disease,colon,Enteroendocrine cells,GCG,0.3181818181818182,1.0,1.0
63ff2c52-cb63-44f0-bac3-d0b33373e312,Crohn disease,colon,Enteroendocrine cells,GIP,0.0,0.0,0.2727272727272727
63ff2c52-cb63-44f0-bac3-d0b33373e312,Crohn disease,colon,Enteroendocrine cells,CCK,0.0,0.0,0.8636363636363636
63ff2c52-cb63-44f0-bac3-d0b33373e312,Crohn disease,colon,Stem cells OLFM4,OLFM4,0.4090909090909091,1.0,0.9852579852579852
63ff2c52-cb63-44f0-bac3-d0b33373e312,Crohn disease,colon,Stem cells OLFM4,LGR5,0.0012285012285012285,1.0,0.20393120393120392
63ff2c52-cb63-44f0-bac3-d0b33373e312,Crohn disease,colon,Stem cells OLFM4 LGR5,OLFM4,0.7776427703523694,1.0,1.0
63ff2c52-cb63-44f0-bac3-d0b33373e312,Crohn disease,colon,Stem cells OLFM4 LGR5,LGR5,0.053462940461725394,1.0,0.9258809234507898
63ff2c52-cb63-44f0-bac3-d0b33373e312,Crohn disease,colon,Stem cells OLFM4 LGR5,ASCL2,0.13730255164034022,1.0,1.0
63ff2c52-cb63-44f0-bac3-d0b33373e312,Crohn disease,colon,Stem cells OLFM4 PCNA,OLFM4,0.6765188834154351,1.0,0.993431855500821
63ff2c52-cb63-44f0-bac3-d0b33373e312,Crohn disease,colon,Stem cells OLFM4 PCNA,PCNA,0.6732348111658456,1.0,1.0
63ff2c52-cb63-44f0-bac3-d0b33373e312,Crohn disease,colon,Stem cells OLFM4 PCNA,LGR5,0.009852216748768473,1.0,0.8210180623973727
63ff2c52-cb63-44f0-bac3-d0b33373e312,Crohn disease,colon,Stem cells OLFM4 PCNA,ASCL2,0.041050903119868636,1.0,1.0
63ff2c52-cb63-44f0-bac3-d0b33373e312,Crohn disease,colon,Stem cells OLFM4 PCNA,SOX9,0.1592775041050903,1.0,1.0
63ff2c52-cb63-44f0-bac3-d0b33373e312,Crohn disease,colon,Stem cells OLFM4 PCNA,TERT,0.011494252873563218,1.0,1.0
63ff2c52-cb63-44f0-bac3-d0b33373e312,Crohn disease,colon,Paneth cells,LYZ,0.8791208791208791,1.0,1.0
63ff2c52-cb63-44f0-bac3-d0b33373e312,Crohn disease,colon,Paneth cells,DEFA5,1.0,1.0,1.0
63ff2c52-cb63-44f0-bac3-d0b33373e312,Crohn disease,left colon,Enterocytes BEST4,BEST4,0.7730061349693251,1.0,0.9969325153374233
63ff2c52-cb63-44f0-bac3-d0b33373e312,Crohn disease,left colon,Enterocytes BEST4,OTOP2,0.7055214723926381,1.0,0.9785276073619632
63ff2c52-cb63-44f0-bac3-d0b33373e312,Crohn disease,left colon,Enterocytes BEST4,CA7,0.754601226993865,1.0,0.9938650306748467
63ff2c52-cb63-44f0-bac3-d0b33373e312,Crohn disease,left colon,Enterocytes BEST4,GUCA2A,0.911042944785276,1.0,1.0
63ff2c52-cb63-44f0-bac3-d0b33373e312,Crohn disease,left colon,Enterocytes BEST4,GUCA2B,0.5429447852760736,1.0,1.0
63ff2c52-cb63-44f0-bac3-d0b33373e312,Crohn disease,left colon,Enterocytes BEST4,SPIB,0.7147239263803681,1.0,0.9631901840490797
63ff2c52-cb63-44f0-bac3-d0b33373e312,Crohn disease,left colon,Enterocytes BEST4,CFTR,0.10736196319018405,1.0,0.9386503067484663
63ff2c52-cb63-44f0-bac3-d0b33373e312,Crohn disease,left colon,Goblet cells MUC2 TFF1,MUC2,0.9957983193277311,1.0,1.0
63ff2c52-cb63-44f0-bac3-d0b33373e312,Crohn disease,left colon,Goblet cells MUC2 TFF1,TFF1,0.907563025210084,1.0,1.0
63ff2c52-cb63-44f0-bac3-d0b33373e312,Crohn disease,left colon,Goblet cells MUC2 TFF1,TFF3,0.9915966386554622,1.0,1.0
63ff2c52-cb63-44f0-bac3-d0b33373e312,Crohn disease,left colon,Goblet cells MUC2 TFF1,FCGBP,,,
63ff2c52-cb63-44f0-bac3-d0b33373e312,Crohn disease,left colon,Goblet cells MUC2 TFF1,AGR2,0.7983193277310925,1.0,1.0
63ff2c52-cb63-44f0-bac3-d0b33373e312,Crohn disease,left colon,Goblet cells MUC2 TFF1,SPDEF,0.4117647058823529,1.0,0.9201680672268907
63ff2c52-cb63-44f0-bac3-d0b33373e312,Crohn disease,left colon,Tuft cells,POU2F3,0.17058823529411765,1.0,0.8705882352941177
63ff2c52-cb63-44f0-bac3-d0b33373e312,Crohn disease,left colon,Tuft cells,DCLK1,0.0,0.0,0.07058823529411765
63ff2c52-cb63-44f0-bac3-d0b33373e312,Crohn disease,left colon,Goblet cells SPINK4,MUC2,0.5,1.0,1.0
63ff2c52-cb63-44f0-bac3-d0b33373e312,Crohn disease,left colon,Goblet cells SPINK4,SPINK4,0.5384615384615384,1.0,0.7307692307692307
63ff2c52-cb63-44f0-bac3-d0b33373e312,Crohn disease,left colon,Enterocytes TMIGD1 MEP1A,CA1,0.646112600536193,1.0,1.0
63ff2c52-cb63-44f0-bac3-d0b33373e312,Crohn disease,left colon,Enterocytes TMIGD1 MEP1A,CA2,0.7587131367292225,1.0,1.0
63ff2c52-cb63-44f0-bac3-d0b33373e312,Crohn disease,left colon,Enterocytes TMIGD1 MEP1A,TMIGD1,0.46201966041108133,1.0,1.0
63ff2c52-cb63-44f0-bac3-d0b33373e312,Crohn disease,left colon,Enterocytes TMIGD1 MEP1A,MEP1A,0.3905272564789991,1.0,1.0
63ff2c52-cb63-44f0-bac3-d0b33373e312,Crohn disease,left colon,Enterocytes CA1 CA2 CA4-,CA1,0.4495084897229669,1.0,1.0
63ff2c52-cb63-44f0-bac3-d0b33373e312,Crohn disease,left colon,Enterocytes CA1 CA2 CA4-,CA2,0.6090259159964254,1.0,1.0
63ff2c52-cb63-44f0-bac3-d0b33373e312,Crohn disease,left colon,Goblet cells MUC2 TFF1-,MUC2,0.9037800687285223,1.0,1.0
63ff2c52-cb63-44f0-bac3-d0b33373e312,Crohn disease,left colon,Epithelial Cycling cells,LGR5,0.01524390243902439,1.0,1.0
63ff2c52-cb63-44f0-bac3-d0b33373e312,Crohn disease,left colon,Epithelial Cycling cells,OLFM4,0.43902439024390244,1.0,1.0
63ff2c52-cb63-44f0-bac3-d0b33373e312,Crohn disease,left colon,Epithelial Cycling cells,MKI67,0.676829268292683,1.0,1.0
63ff2c52-cb63-44f0-bac3-d0b33373e312,Crohn disease,left colon,Enteroendocrine cells,CHGA,0.7560975609756098,1.0,1.0
63ff2c52-cb63-44f0-bac3-d0b33373e312,Crohn disease,left colon,Enteroendocrine cells,GCG,0.1951219512195122,1.0,0.36585365853658536
63ff2c52-cb63-44f0-bac3-d0b33373e312,Crohn disease,left colon,Enteroendocrine cells,GIP,0.0,0.0,0.975609756097561
63ff2c52-cb63-44f0-bac3-d0b33373e312,Crohn disease,left colon,Enteroendocrine cells,CCK,0.0,0.0,0.3170731707317073
63ff2c52-cb63-44f0-bac3-d0b33373e312,Crohn disease,left colon,Stem cells OLFM4,OLFM4,0.07751937984496124,1.0,0.8604651162790697
63ff2c52-cb63-44f0-bac3-d0b33373e312,Crohn disease,left colon,Stem cells OLFM4,LGR5,0.0,1.0,1.0
63ff2c52-cb63-44f0-bac3-d0b33373e312,Crohn disease,left colon,Stem cells OLFM4 LGR5,OLFM4,0.491044776119403,1.0,0.9985074626865672
63ff2c52-cb63-44f0-bac3-d0b33373e312,Crohn disease,left colon,Stem cells OLFM4 LGR5,LGR5,0.06865671641791045,1.0,1.0
63ff2c52-cb63-44f0-bac3-d0b33373e312,Crohn disease,left colon,Stem cells OLFM4 LGR5,ASCL2,0.3701492537313433,1.0,0.9970149253731343
63ff2c52-cb63-44f0-bac3-d0b33373e312,Crohn disease,left colon,Stem cells OLFM4 PCNA,OLFM4,0.4666666666666667,1.0,0.9822222222222222
63ff2c52-cb63-44f0-bac3-d0b33373e312,Crohn disease,left colon,Stem cells OLFM4 PCNA,PCNA,0.7733333333333333,1.0,1.0
63ff2c52-cb63-44f0-bac3-d0b33373e312,Crohn disease,left colon,Stem cells OLFM4 PCNA,LGR5,0.03111111111111111,1.0,1.0
63ff2c52-cb63-44f0-bac3-d0b33373e312,Crohn disease,left colon,Stem cells OLFM4 PCNA,ASCL2,0.26666666666666666,1.0,0.9822222222222222
63ff2c52-cb63-44f0-bac3-d0b33373e312,Crohn disease,left colon,Stem cells OLFM4 PCNA,SOX9,0.4266666666666667,1.0,0.9822222222222222
63ff2c52-cb63-44f0-bac3-d0b33373e312,Crohn disease,left colon,Stem cells OLFM4 PCNA,TERT,0.013333333333333334,0.9911111111111112,0.0
63ff2c52-cb63-44f0-bac3-d0b33373e312,Crohn disease,caecum epithelium,Enterocytes BEST4,BEST4,0.6,1.0,1.0
63ff2c52-cb63-44f0-bac3-d0b33373e312,Crohn disease,caecum epithelium,Enterocytes BEST4,OTOP2,0.64,1.0,1.0
63ff2c52-cb63-44f0-bac3-d0b33373e312,Crohn disease,caecum epithelium,Enterocytes BEST4,CA7,0.56,1.0,0.88
63ff2c52-cb63-44f0-bac3-d0b33373e312,Crohn disease,caecum epithelium,Enterocytes BEST4,GUCA2A,0.52,1.0,0.92
63ff2c52-cb63-44f0-bac3-d0b33373e312,Crohn disease,caecum epithelium,Enterocytes BEST4,GUCA2B,0.32,1.0,0.4
63ff2c52-cb63-44f0-bac3-d0b33373e312,Crohn disease,caecum epithelium,Enterocytes BEST4,SPIB,0.8,1.0,0.72
63ff2c52-cb63-44f0-bac3-d0b33373e312,Crohn disease,caecum epithelium,Enterocytes BEST4,CFTR,0.12,1.0,0.92
63ff2c52-cb63-44f0-bac3-d0b33373e312,Crohn disease,caecum epithelium,Goblet cells MUC2 TFF1,MUC2,0.9666666666666667,1.0,1.0
63ff2c52-cb63-44f0-bac3-d0b33373e312,Crohn disease,caecum epithelium,Goblet cells MUC2 TFF1,TFF1,0.9666666666666667,1.0,1.0
63ff2c52-cb63-44f0-bac3-d0b33373e312,Crohn disease,caecum epithelium,Goblet cells MUC2 TFF1,TFF3,0.9666666666666667,1.0,1.0
63ff2c52-cb63-44f0-bac3-d0b33373e312,Crohn disease,caecum epithelium,Goblet cells MUC2 TFF1,FCGBP,,,
63ff2c52-cb63-44f0-bac3-d0b33373e312,Crohn disease,caecum epithelium,Goblet cells MUC2 TFF1,AGR2,0.55,1.0,1.0
63ff2c52-cb63-44f0-bac3-d0b33373e312,Crohn disease,caecum epithelium,Goblet cells MUC2 TFF1,SPDEF,0.2833333333333333,1.0,1.0
63ff2c52-cb63-44f0-bac3-d0b33373e312,Crohn disease,caecum epithelium,Tuft cells,POU2F3,0.43661971830985913,1.0,1.0
63ff2c52-cb63-44f0-bac3-d0b33373e312,Crohn disease,caecum epithelium,Tuft cells,DCLK1,0.0,0.0,0.6619718309859155
63ff2c52-cb63-44f0-bac3-d0b33373e312,Crohn disease,caecum epithelium,Enterocytes TMIGD1 MEP1A,CA1,0.38197424892703863,1.0,0.9313304721030042
63ff2c52-cb63-44f0-bac3-d0b33373e312,Crohn disease,caecum epithelium,Enterocytes TMIGD1 MEP1A,CA2,0.944206008583691,1.0,1.0
63ff2c52-cb63-44f0-bac3-d0b33373e312,Crohn disease,caecum epithelium,Enterocytes TMIGD1 MEP1A,TMIGD1,0.51931330472103,1.0,1.0
63ff2c52-cb63-44f0-bac3-d0b33373e312,Crohn disease,caecum epithelium,Enterocytes TMIGD1 MEP1A,MEP1A,0.648068669527897,1.0,1.0
63ff2c52-cb63-44f0-bac3-d0b33373e312,Crohn disease,caecum epithelium,Enterocytes CA1 CA2 CA4-,CA1,0.424,1.0,0.9066666666666666
63ff2c52-cb63-44f0-bac3-d0b33373e312,Crohn disease,caecum epithelium,Enterocytes CA1 CA2 CA4-,CA2,0.808,1.0,0.976
63ff2c52-cb63-44f0-bac3-d0b33373e312,Crohn disease,caecum epithelium,Goblet cells MUC2 TFF1-,MUC2,0.9757575757575757,1.0,1.0
63ff2c52-cb63-44f0-bac3-d0b33373e312,Crohn disease,caecum epithelium,Epithelial Cycling cells,LGR5,0.03546099290780142,1.0,1.0
63ff2c52-cb63-44f0-bac3-d0b33373e312,Crohn disease,caecum epithelium,Epithelial Cycling cells,OLFM4,0.425531914893617,1.0,1.0
63ff2c52-cb63-44f0-bac3-d0b33373e312,Crohn disease,caecum epithelium,Epithelial Cycling cells,MKI67,0.48226950354609927,1.0,1.0
63ff2c52-cb63-44f0-bac3-d0b33373e312,Crohn disease,caecum epithelium,Stem cells OLFM4,OLFM4,0.4057971014492754,1.0,1.0
63ff2c52-cb63-44f0-bac3-d0b33373e312,Crohn disease,caecum epithelium,Stem cells OLFM4,LGR5,0.0,1.0,1.0
63ff2c52-cb63-44f0-bac3-d0b33373e312,Crohn disease,caecum epithelium,Stem cells OLFM4 LGR5,OLFM4,0.7093023255813954,1.0,1.0
63ff2c52-cb63-44f0-bac3-d0b33373e312,Crohn disease,caecum epithelium,Stem cells OLFM4 LGR5,LGR5,0.03488372093023256,1.0,1.0
63ff2c52-cb63-44f0-bac3-d0b33373e312,Crohn disease,caecum epithelium,Stem cells OLFM4 LGR5,ASCL2,0.10465116279069768,1.0,1.0
63ff2c52-cb63-44f0-bac3-d0b33373e312,Crohn disease,caecum epithelium,Stem cells OLFM4 PCNA,OLFM4,0.6060606060606061,1.0,1.0
63ff2c52-cb63-44f0-bac3-d0b33373e312,Crohn disease,caecum epithelium,Stem cells OLFM4 PCNA,PCNA,0.7424242424242424,1.0,1.0
63ff2c52-cb63-44f0-bac3-d0b33373e312,Crohn disease,caecum epithelium,Stem cells OLFM4 PCNA,LGR5,0.07575757575757576,1.0,1.0
63ff2c52-cb63-44f0-bac3-d0b33373e312,Crohn disease,caecum epithelium,Stem cells OLFM4 PCNA,ASCL2,0.09090909090909091,1.0,0.9696969696969697
63ff2c52-cb63-44f0-bac3-d0b33373e312,Crohn disease,caecum epithelium,Stem cells OLFM4 PCNA,SOX9,0.19696969696969696,1.0,1.0
63ff2c52-cb63-44f0-bac3-d0b33373e312,Crohn disease,caecum epithelium,Stem cells OLFM4 PCNA,TERT,0.0,1.0,0.0
63ff2c52-cb63-44f0-bac3-d0b33373e312,Crohn disease,caecum,Tuft cells,POU2F3,0.5,0.5,0.75
63ff2c52-cb63-44f0-bac3-d0b33373e312,Crohn disease,caecum,Tuft cells,DCLK1,0.0,0.0,0.625
63ff2c52-cb63-44f0-bac3-d0b33373e312,Crohn disease,caecum,Enterocytes TMIGD1 MEP1A,CA1,0.3,1.0,0.8
63ff2c52-cb63-44f0-bac3-d0b33373e312,Crohn disease,caecum,Enterocytes TMIGD1 MEP1A,CA2,0.8,1.0,0.9
63ff2c52-cb63-44f0-bac3-d0b33373e312,Crohn disease,caecum,Enterocytes TMIGD1 MEP1A,TMIGD1,0.1,0.1,0.7
63ff2c52-cb63-44f0-bac3-d0b33373e312,Crohn disease,caecum,Enterocytes TMIGD1 MEP1A,MEP1A,0.1,1.0,0.6
63ff2c52-cb63-44f0-bac3-d0b33373e312,Crohn disease,caecum,Enterocytes CA1 CA2 CA4-,CA1,0.07142857142857142,1.0,0.5357142857142857
63ff2c52-cb63-44f0-bac3-d0b33373e312,Crohn disease,caecum,Enterocytes CA1 CA2 CA4-,CA2,0.42857142857142855,1.0,0.7142857142857143
63ff2c52-cb63-44f0-bac3-d0b33373e312,Crohn disease,caecum,Goblet cells MUC2 TFF1-,MUC2,1.0,1.0,1.0
63ff2c52-cb63-44f0-bac3-d0b33373e312,Crohn disease,caecum,Epithelial Cycling cells,LGR5,0.0,0.0,1.0
63ff2c52-cb63-44f0-bac3-d0b33373e312,Crohn disease,caecum,Epithelial Cycling cells,OLFM4,0.6666666666666666,1.0,0.8333333333333334
63ff2c52-cb63-44f0-bac3-d0b33373e312,Crohn disease,caecum,Epithelial Cycling cells,MKI67,0.6666666666666666,1.0,0.8333333333333334
63ff2c52-cb63-44f0-bac3-d0b33373e312,Crohn disease,right colon,Enterocytes BEST4,BEST4,0.5287356321839081,1.0,0.9885057471264368
63ff2c52-cb63-44f0-bac3-d0b33373e312,Crohn disease,right colon,Enterocytes BEST4,OTOP2,0.3563218390804598,1.0,0.3793103448275862
63ff2c52-cb63-44f0-bac3-d0b33373e312,Crohn disease,right colon,Enterocytes BEST4,CA7,0.6436781609195402,1.0,0.9770114942528736
63ff2c52-cb63-44f0-bac3-d0b33373e312,Crohn disease,right colon,Enterocytes BEST4,GUCA2A,0.41379310344827586,1.0,1.0
63ff2c52-cb63-44f0-bac3-d0b33373e312,Crohn disease,right colon,Enterocytes BEST4,GUCA2B,0.2413793103448276,1.0,1.0
63ff2c52-cb63-44f0-bac3-d0b33373e312,Crohn disease,right colon,Enterocytes BEST4,SPIB,0.8045977011494253,1.0,1.0
63ff2c52-cb63-44f0-bac3-d0b33373e312,Crohn disease,right colon,Enterocytes BEST4,CFTR,0.21839080459770116,1.0,1.0
63ff2c52-cb63-44f0-bac3-d0b33373e312,Crohn disease,right colon,Goblet cells MUC2 TFF1,MUC2,1.0,1.0,1.0
63ff2c52-cb63-44f0-bac3-d0b33373e312,Crohn disease,right colon,Goblet cells MUC2 TFF1,TFF1,0.6578947368421053,1.0,1.0
63ff2c52-cb63-44f0-bac3-d0b33373e312,Crohn disease,right colon,Goblet cells MUC2 TFF1,TFF3,0.9736842105263158,1.0,1.0
63ff2c52-cb63-44f0-bac3-d0b33373e312,Crohn disease,right colon,Goblet cells MUC2 TFF1,FCGBP,,,
63ff2c52-cb63-44f0-bac3-d0b33373e312,Crohn disease,right colon,Goblet cells MUC2 TFF1,AGR2,0.2894736842105263,1.0,1.0
63ff2c52-cb63-44f0-bac3-d0b33373e312,Crohn disease,right colon,Goblet cells MUC2 TFF1,SPDEF,0.10526315789473684,1.0,1.0
63ff2c52-cb63-44f0-bac3-d0b33373e312,Crohn disease,right colon,Tuft cells,POU2F3,0.06779661016949153,1.0,1.0
63ff2c52-cb63-44f0-bac3-d0b33373e312,Crohn disease,right colon,Tuft cells,DCLK1,0.0,0.0,0.4915254237288136
63ff2c52-cb63-44f0-bac3-d0b33373e312,Crohn disease,right colon,Goblet cells SPINK4,MUC2,0.3,1.0,1.0
63ff2c52-cb63-44f0-bac3-d0b33373e312,Crohn disease,right colon,Goblet cells SPINK4,SPINK4,0.2,1.0,1.0
63ff2c52-cb63-44f0-bac3-d0b33373e312,Crohn disease,right colon,Enterocytes TMIGD1 MEP1A,CA1,0.4345991561181435,1.0,1.0
63ff2c52-cb63-44f0-bac3-d0b33373e312,Crohn disease,right colon,Enterocytes TMIGD1 MEP1A,CA2,0.7658227848101266,1.0,1.0
63ff2c52-cb63-44f0-bac3-d0b33373e312,Crohn disease,right colon,Enterocytes TMIGD1 MEP1A,TMIGD1,0.310126582278481,1.0,0.9430379746835443
63ff2c52-cb63-44f0-bac3-d0b33373e312,Crohn disease,right colon,Enterocytes TMIGD1 MEP1A,MEP1A,0.2742616033755274,1.0,1.0
63ff2c52-cb63-44f0-bac3-d0b33373e312,Crohn disease,right colon,Enterocytes CA1 CA2 CA4-,CA1,0.18831822759315206,1.0,0.8992950654582075
63ff2c52-cb63-44f0-bac3-d0b33373e312,Crohn disease,right colon,Enterocytes CA1 CA2 CA4-,CA2,0.44914400805639476,1.0,1.0
63ff2c52-cb63-44f0-bac3-d0b33373e312,Crohn disease,right colon,Goblet cells MUC2 TFF1-,MUC2,0.8171428571428572,1.0,1.0
63ff2c52-cb63-44f0-bac3-d0b33373e312,Crohn disease,right colon,Epithelial Cycling cells,LGR5,0.019230769230769232,1.0,1.0
63ff2c52-cb63-44f0-bac3-d0b33373e312,Crohn disease,right colon,Epithelial Cycling cells,OLFM4,0.4807692307692308,1.0,1.0
63ff2c52-cb63-44f0-bac3-d0b33373e312,Crohn disease,right colon,Epithelial Cycling cells,MKI67,0.4519230769230769,1.0,1.0
63ff2c52-cb63-44f0-bac3-d0b33373e312,Crohn disease,right colon,Enteroendocrine cells,CHGA,0.7272727272727273,1.0,1.0
63ff2c52-cb63-44f0-bac3-d0b33373e312,Crohn disease,right colon,Enteroendocrine cells,GCG,0.36363636363636365,1.0,1.0
63ff2c52-cb63-44f0-bac3-d0b33373e312,Crohn disease,right colon,Enteroendocrine cells,GIP,0.0,0.0,0.6060606060606061
63ff2c52-cb63-44f0-bac3-d0b33373e312,Crohn disease,right colon,Enteroendocrine cells,CCK,0.0,0.0,0.6363636363636364
63ff2c52-cb63-44f0-bac3-d0b33373e312,Crohn disease,right colon,Stem cells OLFM4,OLFM4,0.38699690402476783,1.0,1.0
63ff2c52-cb63-44f0-bac3-d0b33373e312,Crohn disease,right colon,Stem cells OLFM4,LGR5,0.0030959752321981426,1.0,1.0
63ff2c52-cb63-44f0-bac3-d0b33373e312,Crohn disease,right colon,Stem cells OLFM4 LGR5,OLFM4,0.5524193548387096,1.0,1.0
63ff2c52-cb63-44f0-bac3-d0b33373e312,Crohn disease,right colon,Stem cells OLFM4 LGR5,LGR5,0.11693548387096774,1.0,1.0
63ff2c52-cb63-44f0-bac3-d0b33373e312,Crohn disease,right colon,Stem cells OLFM4 LGR5,ASCL2,0.10887096774193548,1.0,1.0
63ff2c52-cb63-44f0-bac3-d0b33373e312,Crohn disease,right colon,Stem cells OLFM4 PCNA,OLFM4,0.559322033898305,1.0,1.0
63ff2c52-cb63-44f0-bac3-d0b33373e312,Crohn disease,right colon,Stem cells OLFM4 PCNA,PCNA,0.3983050847457627,1.0,1.0
63ff2c52-cb63-44f0-bac3-d0b33373e312,Crohn disease,right colon,Stem cells OLFM4 PCNA,LGR5,0.00847457627118644,1.0,1.0
63ff2c52-cb63-44f0-bac3-d0b33373e312,Crohn disease,right colon,Stem cells OLFM4 PCNA,ASCL2,0.01694915254237288,1.0,1.0
63ff2c52-cb63-44f0-bac3-d0b33373e312,Crohn disease,right colon,Stem cells OLFM4 PCNA,SOX9,0.2457627118644068,1.0,1.0
63ff2c52-cb63-44f0-bac3-d0b33373e312,Crohn disease,right colon,Stem cells OLFM4 PCNA,TERT,0.00847457627118644,1.0,0.864406779661017
